username|date|retweets|favorites|text|geo|mentions|hashtags|id|permalink
Antonianj|2017-08-10 13:38|0|0|"RAFA, déjate de Verti y vente a una buena compañía con un mejor agente"||||"895610185733091332"|https://twitter.com/Antonianj/status/895610185733091332
vertiseguros|2017-08-08 12:30|1|1|"En Verti no negociamos tu precio inicial ni tu renovación. #UtilizaLaCabeza con el mejor precio desde el principio. ¡Feliz día de los gatos! pic.twitter.com/EOAMmYYWia"|||#UtilizaLaCabeza|"894868305705443330"|https://twitter.com/vertiseguros/status/894868305705443330
okRaPuN|2017-07-22 15:34|0|0|"Hola verti !si hay cada loc@suelto mejor dejarlos solos q el viento los amontona"||@suelto||"888754212699611138"|https://twitter.com/okRaPuN/status/888754212699611138
everyswing|2017-07-21 13:57|1|2|"Hoy es el #DíaMundialDelPerro yno hay mejor momento para recordar esta pieza para Verti Seguros . ¡Cuídalos! https:// youtu.be/Oc3S-rPVizk"|||#D|"888367362977779712"|https://twitter.com/everyswing/status/888367362977779712
cocoevita738|2017-06-08 10:39|0|0|"Que ojos tan gran|es tienes! Para verti mejor Que orejotas! Para escucharte mejor Que iPhone :an grande! Es en iPad, estupido!"||||"872734906409005058"|https://twitter.com/cocoevita738/status/872734906409005058
lacocoamora613|2017-06-07 23:09|0|0|"Que ojos tan grandes tienes! Para verti mejor Que orejotas! Para escucharte mejor Que iPhone :an grande! Es un iPad, estupido!"||||"872561179327168513"|https://twitter.com/lacocoamora613/status/872561179327168513
vertiseguros|2017-05-08 11:59|1|3|"Hazle caso a los gatitos, en Verti te ofrecemos el mejor precio desde el principio, sin negociar. #UtilizaLaCabeza http:// bit.ly/2pVRd6J pic.twitter.com/b20iuiBuXU"|||#UtilizaLaCabeza|"861521052467425281"|https://twitter.com/vertiseguros/status/861521052467425281
vertiseguros|2017-03-28 13:08|0|0|"¿Utilizas la cabeza solo para llevar sombrero? Mejor #UtilizaLaCabeza para contratar tu seguro con Tarifa Web de Verti ¡y ahorra! pic.twitter.com/gI6s7I1dQW"|||#UtilizaLaCabeza|"846680272829530112"|https://twitter.com/vertiseguros/status/846680272829530112
nuevahervia722|2017-02-07 15:18|0|0|"Que ojos tan grandes tienes! Para verti mejor Que orejotas! Para escu;harte mejor Que iPhone tan grande! Es un iPad, estupido!"||||"828971112927223809"|https://twitter.com/nuevahervia722/status/828971112927223809
arizafemirene8|2017-02-03 07:54|0|0|"La mejor manera de amhrte es verti entre sus brazos."||||"827409861755285504"|https://twitter.com/arizafemirene8/status/827409861755285504
vertiseguros|2017-01-23 14:26|0|0|"¿A veces tu cabeza se pierde entre grandes reflexiones? Mejor #UtilizaLaCabeza para contratar tu seguro con Tarifa Web de Verti , ¡y ahorra! pic.twitter.com/SeOQLtcK2K"|||#UtilizaLaCabeza|"823522367196504065"|https://twitter.com/vertiseguros/status/823522367196504065
juani_verti|2017-01-02 18:50|0|0|"Me gustó un video de @YouTube de @alphasniper97 http:// youtu.be/xcKCCV_2Y9o?a MI TIRO MÁS DIFÍCIL COMO UN FRANCOTIRADOR en el MEJOR"||@YouTube @alphasniper97||"815978515904561152"|https://twitter.com/juani_verti/status/815978515904561152
vertiseguros|2016-12-30 16:15|0|1|"Para terminar y empezar el año de la mejor y única manera posible, ya sabes: #UtilizaLaCabeza ¡Feliz 2017 de todo el equipo de Verti ! pic.twitter.com/bxLVLzvdgf"|||#UtilizaLaCabeza|"814852486649540608"|https://twitter.com/vertiseguros/status/814852486649540608
laaarez|2016-12-27 23:15|0|0|"Podrán hablar toda la mierda de el, pero no hay mejor Ahri que la de Verti ."||||"813870982612058117"|https://twitter.com/laaarez/status/813870982612058117
delzilenejgui30|2016-12-03 23:36|0|0|"Que alegrías me das en Vertí siendo apapachada! Corazón hermoso @braviela tu mereces lo mejor del mundo. https:// twitter.com/Hectforero/sta tus/804917841954639872 …"||@braviela||"805178839274061824"|https://twitter.com/delzilenejgui30/status/805178839274061824
kioler81|2016-12-02 11:30|0|0|"sera que verti trata mejor a los no clientes, pq a los demas como perros"||||"804633876530335744"|https://twitter.com/kioler81/status/804633876530335744
delzilenejgui30|2016-11-23 15:19|0|2|"Mi vida @victoriaruffo31 Quiero desearte lo mejor del día,que lo pases genial y q sobre todo no dejes de sonreír!Quiero Vertí feliz siempre. pic.twitter.com/136szUFlt8"||@victoriaruffo31||"801429896841007104"|https://twitter.com/delzilenejgui30/status/801429896841007104
11a2d7b0a5384eb|2016-10-26 00:02|0|0|"el mejor capiiiii de la hestoria es un pelasr qe yo vivi para verti jugar saldos de tetouan marucoss"||||"791037360066691072"|https://twitter.com/11a2d7b0a5384eb/status/791037360066691072
juani_verti|2016-10-06 01:36|0|0|"Me gustó un video de @YouTube de @bystaxx http:// youtu.be/dlOQwcyzeZk?a LA MEJOR MISION DE CALL OF DUTY! | COD4 REMASTERIZADO CAMPAÑA EN"||@YouTube @bystaxx||"783813255252865025"|https://twitter.com/juani_verti/status/783813255252865025
juani_verti|2016-09-27 01:12|0|0|"Me gustó un video de @YouTube de @bycraftxxyt http:// youtu.be/oA67hD2bxbs?a EL MEJOR RETO DE LA BOTELLA NIVEL DIOS JAMÁS VISTO! BOTTLE"||@YouTube @bycraftxxyt||"780545707161903104"|https://twitter.com/juani_verti/status/780545707161903104
DescuentosVerti|2016-09-14 23:10|0|0|"TARIFA WEB DE VERTI #UTILIZALACABEZA MENOS COSTES PARA NOSOTROS, MEJOR PRECIO PARA TI. Y recuerda hasta 50 EUROS... http:// fb.me/518FwNymK"|||#UTILIZALACABEZA|"776166135075074048"|https://twitter.com/DescuentosVerti/status/776166135075074048
delzilenejgui30|2016-09-06 02:19|2|4|"Es muy gratificante Vertí feliz y orgullosa! @victoriaruffo31 ¡ eres muy especial y te mereces lo mejor ! pic.twitter.com/gdqCjvhlDc"||@victoriaruffo31||"772952201002188800"|https://twitter.com/delzilenejgui30/status/772952201002188800
juani_verti|2016-09-04 22:01|0|0|"Me gustó un video de @YouTube de @thegrefgyt http:// youtu.be/60ULr2V2978?a EL MEJOR VLOG DEL CANAL"||@YouTube @thegrefgyt||"772524966394884096"|https://twitter.com/juani_verti/status/772524966394884096
Pablo2528|2016-08-20 22:52|0|0|"Ah, y @LineaDirecta_es una mierda. 10 minutos intentando llamar para pedir una grúa y no nos lo cogen. Verti mejor ."||@LineaDirecta_es||"767102115080769537"|https://twitter.com/Pablo2528/status/767102115080769537
Xosevs|2016-08-11 00:36|2|3|"Infame la asistencia del #racc horas esperando al telefono, cargos de asaltante y te dejan tirado, seguro que mejor #verti #allianz #zurich"|||#racc #verti #allianz #zurich|"763504398463098885"|https://twitter.com/Xosevs/status/763504398463098885
Sidneytty|2016-08-05 18:26|0|1|"salió hacia mi pero no la Tomé entonces vertí agua en los ojos de Nefertari - que tal mejor ?"||||"761599330373537796"|https://twitter.com/Sidneytty/status/761599330373537796
delzilenejgui30|2016-08-05 00:35|0|1|"Mi vida! @victoriaruffo31 no sabes la alegría que me das en Vertí feliz disfrutado de lo mejor de la vida. Te quiero harto y lo sabes."||@victoriaruffo31||"761329701562511360"|https://twitter.com/delzilenejgui30/status/761329701562511360
DescuentosVerti|2016-08-03 02:20|0|0|"TARIFA WEB DE VERTI #UTILIZALACABEZA MENOS COSTES PARA NOSOTROS, MEJOR PRECIO PARA TI. Y recuerda hasta 50 EUROS... http:// fb.me/7ZKSFwGbf"|||#UTILIZALACABEZA|"760631478430605312"|https://twitter.com/DescuentosVerti/status/760631478430605312
DescuentosVerti|2016-08-03 02:10|0|0|"TARIFA WEB DE VERTI #UTILIZALACABEZA MENOS COSTES PARA NOSOTROS, MEJOR PRECIO PARA TI. Y recuerda hasta 50 EUROS... http:// fb.me/7BP04eLNj"|||#UTILIZALACABEZA|"760628795976065024"|https://twitter.com/DescuentosVerti/status/760628795976065024
delzilenejgui30|2016-06-28 18:14|1|0|"Te quiero de una forma tan especial q no haces falta Vertí ,para q mi cariño crezca, eres la mejor la única que Admiro! @victoriaruffo31"||@victoriaruffo31||"747825586505129984"|https://twitter.com/delzilenejgui30/status/747825586505129984
delzilenejgui30|2016-06-28 02:34|0|0|"Mi amor! @victoriaruffo31 no hay nada mejor que Vertí brillar, eres la mejor . TE QUIERO MUCHO. pic.twitter.com/QhPoDfxIIE"||@victoriaruffo31||"747589073817190400"|https://twitter.com/delzilenejgui30/status/747589073817190400
ramartinvino|2016-06-14 04:57|0|0|"Vertí un poco de cabernet en mi cama y no lo podré recuperar nunca, mi semana empieza con tragedias, ya mejor me escondo y acabo la botella."||||"742551492624830464"|https://twitter.com/ramartinvino/status/742551492624830464
juani_verti|2016-05-27 01:32|0|0|"Me gustó un video de @YouTube de @thegrefgyt http:// youtu.be/PBWXCYF863A?a EL MEJOR REGALO QUE ME HAN HECHO! - TheGrefg"||@YouTube @thegrefgyt||"735976877786079232"|https://twitter.com/juani_verti/status/735976877786079232
juani_verti|2016-05-26 03:46|0|0|"Me gustó un video de @YouTube de @alphasniper97 http:// youtu.be/GeSZOeymxLY?a ESTO ES MEJOR QUE BLACK OPS 3..."||@YouTube @alphasniper97||"735648332094308352"|https://twitter.com/juani_verti/status/735648332094308352
JavierVazquezQu|2016-05-20 18:13|0|0|"Para ser una aseguradora que gasta tanto en publicidad y tener la calidad de una low low low cost, mejor me voy a VERTI . @LineaDirecta_es"||@LineaDirecta_es||"733692250148986880"|https://twitter.com/JavierVazquezQu/status/733692250148986880
vertiseguros|2016-05-17 09:33|1|1|"En nuestros Talleres Verti te damos el mejor servicio. #UtilizaLaCabeza http:// bit.ly/1ZIsYRO pic.twitter.com/quRMKNwrXs"|||#UtilizaLaCabeza|"732474198904340480"|https://twitter.com/vertiseguros/status/732474198904340480
delzilenejgui30|2016-05-12 02:32|0|0|"mi Queen que emoción en Vertí , eres la mejor . Te quiero, admiro, amo"||||"730556313458069504"|https://twitter.com/delzilenejgui30/status/730556313458069504
juani_verti|2016-04-17 04:07|0|0|"Me gustó un video de @YouTube de @alphasniper97 http:// youtu.be/aRQbotIqsF4?a Lo MEJOR de BLACK OPS 3!! - KNOCKOUT GAMEPLAY DLC 2 "ECLIPSE""||@YouTube @alphasniper97||"721520315445219329"|https://twitter.com/juani_verti/status/721520315445219329
juani_verti|2016-04-10 04:27|0|0|"Me gustó un video de @YouTube de @thegrefgyt http:// youtu.be/Wkka6p51t5Q?a LA MEJOR BARAJA / MAZO de Clash Royale! - TheGrefg"||@YouTube @thegrefgyt||"718988782876405761"|https://twitter.com/juani_verti/status/718988782876405761
vertiseguros|2016-04-05 16:08|0|0|"En Verti te damos el mejor precio desde el principio, sin negociar. ¿Qué quiere decir eso? http:// bit.ly/229jj7f pic.twitter.com/rJMY6SR22s"||||"717353200869834752"|https://twitter.com/vertiseguros/status/717353200869834752
JewFucker69_4K|2016-04-02 01:12|0|0|"@AndreaRyuk Sigues siendo mejor que yo, eso esta clarisimo, solo te falta aprender a counterear a cosas asi, o esperar a que verti saque el"||@AndreaRyuk||"716040612802387968"|https://twitter.com/JewFucker69_4K/status/716040612802387968
juani_verti|2016-03-25 22:13|0|0|"Me gustó un video de @YouTube de @djmariio_90 http:// youtu.be/__FNquLo6U8?a LA MEJOR EXPERIENCIA DE MI VIDA"||@YouTube @djmariio_90||"713473959988236288"|https://twitter.com/juani_verti/status/713473959988236288
juani_verti|2016-03-25 07:09|0|0|"Me gustó un video de @YouTube de @alphasniper97 http:// youtu.be/CxkJP9w5Uh0?a Lo MEJOR de BLACK OPS 3!!"||@YouTube @alphasniper97||"713246293846597632"|https://twitter.com/juani_verti/status/713246293846597632
vertiseguros|2016-03-22 12:15|1|1|"Tu seguro de coche al mejor precio desde el principio sin neogciar, #UtilizaLaCabeza y contrátalo en verti .es pic.twitter.com/JP4eKghzWQ"|||#UtilizaLaCabeza|"712236251760500736"|https://twitter.com/vertiseguros/status/712236251760500736
juani_verti|2016-02-27 02:14|0|0|"Me gustó un video de @YouTube de @thegrefgyt http:// youtu.be/2ifqnlVeJ50?a SOY EL MEJOR DE MI CASA."||@YouTube @thegrefgyt||"703387678306340864"|https://twitter.com/juani_verti/status/703387678306340864
turocaim|2016-02-15 00:25|0|4|"#DBT6GHVIP es un peñazo...parece Sálvame. Lo mejor ha sido el anuncio de la cabeza gigante de Verti . Me voy a dormir"|||#DBT6GHVIP|"699011495976427521"|https://twitter.com/turocaim/status/699011495976427521
RachidSefiani|2016-02-13 23:29|0|0|"Hola que tal yo soy chico de marriecis eres el mejor me gusta Vertí con balón de oro año que vieni"||||"698635117892345859"|https://twitter.com/RachidSefiani/status/698635117892345859
parraga22|2016-02-08 19:52|0|0|"Gestor Personal, tu mejor asesor en seguros. Verti Seguros http://www. verti.es/clientes/gesto r-personal.html …"||||"696768529274691585"|https://twitter.com/parraga22/status/696768529274691585
juani_verti|2016-02-01 23:01|0|0|"Me gustó un video de @YouTube de @thegrefgyt http:// youtu.be/hYEeI4oOgvA?a MI PUTO MEJOR VLOG"||@YouTube @thegrefgyt||"694279362431029248"|https://twitter.com/juani_verti/status/694279362431029248
juani_verti|2016-02-01 19:15|0|0|"LO MEJOR DE BLACK OPS 3!! SKYJACKED!! Call Of Duty Black Ops 3 AWAKENING... https:// youtu.be/YckVbkElhwM vía @YouTube"||@YouTube||"694222520367648768"|https://twitter.com/juani_verti/status/694222520367648768
CafeIntenso666|2016-01-30 15:47|0|1|"Hola Verti , muy buenos días @EL_Vertiginoso es la idea, vamos a ver q sale.Buen sábado, la mejor ."||@EL_Vertiginoso||"693445434145148933"|https://twitter.com/CafeIntenso666/status/693445434145148933
Nico_Conil|2016-01-25 18:29|0|0|"@juani_ verti Es mejor que CoD"||@juani_||"691674164927684608"|https://twitter.com/Nico_Conil/status/691674164927684608
lover_bogotano|2016-01-02 18:22|0|0|"@Verti _Gurls @REYES6507 es el mejor aperitivo"||@Verti @REYES6507||"683337468041637888"|https://twitter.com/lover_bogotano/status/683337468041637888
marisol1150|2015-12-24 09:46|0|0|"Hoy fue el mejor dia me di verti super con mis amigos gracias por tenerlos chicos los quiero"||||"679946292093566976"|https://twitter.com/marisol1150/status/679946292093566976
juanarosachina|2015-12-11 04:16|0|0|"@marthadff @RodriguezPancho @r_mujeractual mejor aún que se adelante todo, que bello verti asi campeón"||@marthadff @RodriguezPancho @r_mujeractual||"675152207046647809"|https://twitter.com/juanarosachina/status/675152207046647809
gigimaela274|2015-12-03 05:51|0|0|"La mejor forma de destrugr a su enemigo es co| verti :le en su amigo"||||"672276870323429376"|https://twitter.com/gigimaela274/status/672276870323429376
carodiez_|2015-12-02 03:38|0|1|"Martu verti Mejor amiga de cam Amo como te quedo el rubio Sos una diosa Mandarineee"||||"671881084687278080"|https://twitter.com/carodiez_/status/671881084687278080
ukitur576|2015-11-19 17:48|0|0|"La mejor manera de atarte e. verti entre sus brazos."||||"667384064601640960"|https://twitter.com/ukitur576/status/667384064601640960
F_lagata|2015-11-13 14:14|0|0|"@vertiseguros señores no asegurados: LiNEA DIRECTA me da un PRECIO MEJOR Q VERTI , más coberturas Y DEFENSOR DEL ASEGUDO. No será sólo a mi.."||@vertiseguros||"665155672565264385"|https://twitter.com/F_lagata/status/665155672565264385
F_lagata|2015-11-13 14:10|0|0|"@marcpeleja @Benettemblador @vertiseguros línea directa me ha dado un PRECIO MEJOR Q VERTI con más coberturas Y DEFENSOR DEL ASEGUDO"||@marcpeleja @Benettemblador @vertiseguros||"665154733120860160"|https://twitter.com/F_lagata/status/665154733120860160
Pc_Bolsa|2015-10-15 22:58|0|0|"#OHL Mejor imposible en plena euforia , el tema es que en algún punto tendrá que corregir un poco la subida verti ... http:// bit.ly/1uOjU1y"|||#OHL|"654763273049370625"|https://twitter.com/Pc_Bolsa/status/654763273049370625
zonanortecdmx|2015-10-05 03:20|0|0|"RT Verti _J:Tener la mejor suerte del mundo y saludar a NadiaCala y a SoyFedelobo en el #EGS2015 y en el aeropuerto 󾌴󾌧"|||#EGS2015|"650843061526859776"|https://twitter.com/zonanortecdmx/status/650843061526859776
zonanortecdmx|2015-10-05 03:20|0|0|"RT Verti _J:Tener la mejor suerte del mundo y saludar a NadiaCala y a SoyFedelobo en el #EGS2015 y en el aeropuerto"|||#EGS2015|"650843056300818432"|https://twitter.com/zonanortecdmx/status/650843056300818432
Verti_J|2015-10-05 03:06|0|0|"Tener la mejor suerte del mundo y saludar a @NadiaCala y a @SoyFedelobo en el #EGS2015 y en el aeropuerto"||@NadiaCala @SoyFedelobo|#EGS2015|"650839452386877440"|https://twitter.com/Verti_J/status/650839452386877440
Verti_J|2015-10-04 05:46|1|16|"@NadiaCala Gracias por tomarte una foto conmigo, eres la mejor pic.twitter.com/qJrWhbpOOm"||@NadiaCala||"650517402564759553"|https://twitter.com/Verti_J/status/650517402564759553
juanapc68|2015-08-31 12:27|0|0|"Gestor Personal, tu mejor asesor en seguros. Verti Seguros http://www. verti.es/clientes/gesto r-personal.html …"||||"638296992351973376"|https://twitter.com/juanapc68/status/638296992351973376
fificalzada353|2015-08-11 21:14|0|0|"La mejor manera de amarte es verti |ntre sus brazos."||||"631181918285991936"|https://twitter.com/fificalzada353/status/631181918285991936
Verti_J|2015-08-08 06:28|0|0|"@marcelaamq Mejor que el Sol si :v"||@marcelaamq||"629871765783642113"|https://twitter.com/Verti_J/status/629871765783642113
paufloores_|2015-07-28 18:34|0|0|"Dani verti insulta mejor que vos viejitaaa."||||"626068169996771328"|https://twitter.com/paufloores_/status/626068169996771328
vsanabria495|2015-07-15 17:26|0|0|"@Latina_pe pa mi la novia mas linda fue Natilie Verti ...pero se k @KarenSchwarz seras la mejor !! Ya k todo te keda lindis #EspectaculosL"||@Latina_pe @KarenSchwarz|#EspectaculosL|"621340185540825088"|https://twitter.com/vsanabria495/status/621340185540825088
DanyAlejandroo|2015-07-14 22:48|0|0|"Verti Go lo mejor de acualandia"||||"621058802486538240"|https://twitter.com/DanyAlejandroo/status/621058802486538240
mlmarchini|2015-07-13 03:03|0|0|"Reafirmo el concepto que vertí al comienzo del año futbolístico cuando la mayoría se babeaba con Lodeiro, El mejor volante de Boca es Pérez."||||"620398139061739520"|https://twitter.com/mlmarchini/status/620398139061739520
JOMAPE48|2015-06-23 13:16|0|0|"Gestor Personal, tu mejor asesor en seguros. Verti Seguros http://www. verti.es/clientes/gesto r-personal.html …"||||"613304562284367872"|https://twitter.com/JOMAPE48/status/613304562284367872
ocupadaparavos|2015-06-18 20:20|0|2|"@Tajosoy @EL_Vertiginoso lo mejor que te puede pasar es que te siga El Verti !!! LO FIRMO CON SANGRE DE MI SANGRE. Seguilo YA!!"||@Tajosoy @EL_Vertiginoso||"611599348359655425"|https://twitter.com/ocupadaparavos/status/611599348359655425
Alejandrocotiz|2015-06-12 22:14|0|0|"#LαƇαяαƇɪєиєĠuєяα El nuevo avión de pasajeros Boeing 787-9 «Dreamliner» despega casi en verti ... http:// bit.ly/1SbAG4b #Mejor K #Muchos"|||#L #Mejor #Muchos|"609453740915974144"|https://twitter.com/Alejandrocotiz/status/609453740915974144
alejo_verti|2015-06-02 01:24|0|0|"@vegetta777 venga vege eres el mejor vondadoso nose pero se me da que ves a tener un carma mas bueno que dios haces feliz a muchau gente :)"||@vegetta777||"605515289493651458"|https://twitter.com/alejo_verti/status/605515289493651458
fjavierm1962|2015-05-29 16:01|0|0|"Gestor Personal, tu mejor asesor en seguros. Verti Seguros http://www. verti.es/clientes/gesto r-personal.html …"||||"604286517297680384"|https://twitter.com/fjavierm1962/status/604286517297680384
celselorz|2015-05-27 15:46|0|0|"@thecapricez topor out y a partir de ahí veamos presupuesto. Para ancles vertí para Benitez Zidane creo que pogba mejor"||@thecapricez||"603557929007079425"|https://twitter.com/celselorz/status/603557929007079425
Escenarockfm|2015-05-06 02:09|1|0|"NACE EL CUSTOMER FESTIVAL DE ALICANTE - Los amantes de las motocicletas custom y del mejor rock en todas sus verti ... http:// ow.ly/2YgTpY"||||"595742147732709378"|https://twitter.com/Escenarockfm/status/595742147732709378
NURIAPEREZ65|2015-05-05 12:10|0|0|"@CADENA100 Gracias a vosotros y a Verti Seguros por mi mejor regalo del día de la madre. Dos entradas para ver a Los Secretos el 11 de mayo"||@CADENA100||"595531087352324096"|https://twitter.com/NURIAPEREZ65/status/595531087352324096
alejo_verti|2015-04-29 21:17|0|0|"#PreguntaleaLuzu eres el mejor me gustaria que vuelvas a Argentina pero en otras ciudades como Santa Fe porque vivo muy lejos pero sigue asi"|||#PreguntaleaLuzu|"593494211271499776"|https://twitter.com/alejo_verti/status/593494211271499776
migumdr|2015-04-29 17:48|0|0|"@Mei_luj Mei, cuando vayas a mirar seguro de moto (para ampliarlo), quieres mirar a ver si con Verti te sale mejor ?(Y con mi código amiwito)"||@Mei_luj||"593441615252979712"|https://twitter.com/migumdr/status/593441615252979712
lisecita24|2015-04-11 18:09|0|0|"@MathiasBrivio @natvertiz k fea es verti z mejor esta laurita huarcayo"||@MathiasBrivio @natvertiz||"586923922853101568"|https://twitter.com/lisecita24/status/586923922853101568
lokita3334|2015-04-11 16:25|0|0|"@EstasenTodas natali Vertí porke ella es la mejor gerrera"||@EstasenTodas||"586897956852346880"|https://twitter.com/lokita3334/status/586897956852346880
XXXTRENZACION|2015-03-07 10:00|0|1|"LOS ANUNCIOS DE VERTI SON LO MEJOR DEL MUNDO OS QUIERO DIOS MIO @VERTI"||@VERTI||"574132476525805569"|https://twitter.com/XXXTRENZACION/status/574132476525805569
evelyncabeza17|2015-03-06 03:02|0|0|"@VertigoCanal13 Verti #kanela eres el mejor .. y un riko de pies a cabezaaa!!! Me gusta todo de ti..(8)"||@VertigoCanal13|#kanela|"573664852490776576"|https://twitter.com/evelyncabeza17/status/573664852490776576
juariu|2015-03-04 12:29|0|0|"@samabelparra Grandes, desde Verti q no os veíamos, un abrazo, mejor dos!!"||@samabelparra||"573082895448977408"|https://twitter.com/juariu/status/573082895448977408
aimfri|2015-01-28 12:27|2|1|"Problema con el peritaje de verti seguros: Siempre es mejor usar las compañías tradicionales, ya ... http:// bit.ly/1yw7Zm3 #autosaimfri"|||#autosaimfri|"560398685356310528"|https://twitter.com/aimfri/status/560398685356310528
elvizprezz|2015-01-28 05:24|0|0|"@alvaromateu para mi lo mejor que tiene el sur son Soda, los Cadillacs y pedro Suárez verti en ese orden"||@alvaromateu||"560292189985841152"|https://twitter.com/elvizprezz/status/560292189985841152
Fedgon|2015-01-26 04:40|0|1|"Por fin un tweet sensato RT “ @AdDelMal : Verti alcohol por todo mi cuarto, se respira mejor ;*)”"||@AdDelMal||"559556500608122880"|https://twitter.com/Fedgon/status/559556500608122880
JOELuchoO_Herdz|2015-01-16 16:45|0|0|"Hay OjonN..!! Pero que ojos tan grandes tienes aguela. Son Para Verti Mejor ...!! #BuenViernes_Buen FinDeSemana de buen humor. Ahí nos vermox"|||#BuenViernes_Buen|"556115098138578947"|https://twitter.com/JOELuchoO_Herdz/status/556115098138578947
a4561299|2015-01-11 19:21|0|1|"Yo que te implanté un mejor cerebro, Vertí en tí, sangre pura de un humano, ¿así es que me agradeces? Yo celebro #Macabra"|||#Macabra|"554342472068120577"|https://twitter.com/a4561299/status/554342472068120577
joshua_89|2014-12-27 11:55|1|0|"Hoy es el día en que me caduca el seguro de Verti . Esto es mejor que la propia navidad."||||"548794227027902464"|https://twitter.com/joshua_89/status/548794227027902464
h3LCGo|2014-12-22 22:35|0|0|"Hoy vertí un vaso de Bebida en los zapatos y pantalón de mi mejor amigo. Eso es cariño y amistad pos wn"||||"547143456704196609"|https://twitter.com/h3LCGo/status/547143456704196609
karitotatiramir|2014-12-16 04:19|0|0|"@Vevo lo mejor estan bien con eso pero deberian cambiar en su estilo de ropa a a unos que les gusta como se visten pero deben mira su verti"||@Vevo||"544693260376363008"|https://twitter.com/karitotatiramir/status/544693260376363008
Ronaldfics|2014-11-24 02:23|0|1|"@Harryjamesttyp @Snapesite será mejor que le preguntemos.. Pero creo que no será de mucha utilidad ya que vertí todo el frasco a la posició"||@Harryjamesttyp @Snapesite||"536691587192213506"|https://twitter.com/Ronaldfics/status/536691587192213506
ingpericial|2014-11-17 11:55|0|0|"Mapfre, Mutua Madrileña y Verti son las aseguradoras mejor posicionadas en internet según el índice IMAF http:// ow.ly/DFVZL"||||"534298704367583232"|https://twitter.com/ingpericial/status/534298704367583232
ingpericial|2014-11-04 08:55|0|0|"Mapfre, Mutua Madrileña y Verti son las aseguradoras mejor posicionadas en internet según el índice IMAF http:// ow.ly/DGqkt"||||"529542349366767616"|https://twitter.com/ingpericial/status/529542349366767616
ingpericial|2014-11-03 08:50|0|0|"Mapfre, Mutua Madrileña y Verti son las aseguradoras mejor posicionadas en internet según el índice IMAF http:// ow.ly/DFVZL"||||"529178721761378304"|https://twitter.com/ingpericial/status/529178721761378304
SEGUROINSURANCE|2014-11-01 21:24|0|0|"Mapfre, Mutua Madrileña y Verti son las aseguradoras mejor posicionadas en internet según el índice IMAF: En l... http:// bit.ly/1wnVw77"||||"528643814043312129"|https://twitter.com/SEGUROINSURANCE/status/528643814043312129
VErnestHM|2014-10-26 19:30|0|1|"@Esthef_OM Muchas vertigracias, eres la vertimejor , ¡qué vertitengas un vertiexcelente fin de vertisemana! #LOL"||@Esthef_OM|#LOL|"526440825572827136"|https://twitter.com/VErnestHM/status/526440825572827136
FcoYacoEskPiu|2014-10-19 16:18|1|3|"@MicheilleSoifer quiero verti a ti y a @fabio_agostini en @estoesguerra_tv @cathysaenz junto al mejor @Yacoturco9 en el mejor equipo #Leones"||@MicheilleSoifer @fabio_agostini @estoesguerra_tv @cathysaenz @Yacoturco9|#Leones|"523840612278468609"|https://twitter.com/FcoYacoEskPiu/status/523840612278468609
TheFunambulista|2014-10-09 12:00|0|0|"@meengatusa @Alerahi @vertiseguros Verti es economico pero te sale mejor contratar con una asegurada fiable la atencion al cliente es pesima"||@meengatusa @Alerahi @vertiseguros||"520151875833053184"|https://twitter.com/TheFunambulista/status/520151875833053184
pdjavi|2014-10-05 00:23|0|0|"Desde que vertí el bote de la sal llevo unos días que si no me hubiera levantado de la cama sería mejor ."||||"518526784703565824"|https://twitter.com/pdjavi/status/518526784703565824
joseluise244|2014-10-01 04:23|0|0|"Quiero ver el trailler de Anabel pero mejor lo veo mañana porque si lo vertí ahora no duermo"||||"517137612201816064"|https://twitter.com/joseluise244/status/517137612201816064
o_verti|2014-09-25 02:21|0|0|"@JALobeira Si hubieras hecho mejor en asunto de mi mente, si tu intentas decir que son del alguien egoista."||@JALobeira||"514932665170939905"|https://twitter.com/o_verti/status/514932665170939905
Oihaneotazu17|2014-09-21 17:16|1|1|"¿Cuál es el mejor anuncio que has visto nunca? — Pa guapa guapa la promoción de verti seguros. @loruriarte http:// ask.fm/a/b6m19hmf"||@loruriarte||"513708360974487553"|https://twitter.com/Oihaneotazu17/status/513708360974487553
Pandro|2014-09-02 00:28|1|3|"Básicamente vertí mis sentimientos a través del gomiseo que le di a @ZavaletaMD , él lo dijo mejor que yo..."||@ZavaletaMD||"506569266666041345"|https://twitter.com/Pandro/status/506569266666041345
o_verti|2014-08-24 21:21|0|0|"@JALobeira Enserio hubiera algo mejor que decir "no me interesa"."||@JALobeira||"503623213931569153"|https://twitter.com/o_verti/status/503623213931569153
dayanakary2257|2014-08-22 17:29|0|0|"@MBDRCN jjjjjjjjj suso eres el mejor me di Vertí mucho jjjjj t amo"||@MBDRCN||"502839957346865152"|https://twitter.com/dayanakary2257/status/502839957346865152
angfran1999|2014-08-15 01:03|0|0|"humm k bien tan feliz despues de grabar mi voz para pedro suarez verti el mejor cantante lo amo ... :*"||||"500055260451586049"|https://twitter.com/angfran1999/status/500055260451586049
o_verti|2014-08-10 20:20|0|0|"@JALobeira entonces tu tambien lo sientes y sabes que te falta conocerlo mejor ."||@JALobeira||"498534463815815168"|https://twitter.com/o_verti/status/498534463815815168
nahu_dma|2014-08-09 04:56|0|0|"Sin Principio Ni final - Abel Pintos http://www. youtube.com/watch?v=p-37As UZdYE&sns=tw … vía @youtube me hizo recordar lo mejor y al no tenerlo,solo verti una lágrima"||@youtube||"497939415202004992"|https://twitter.com/nahu_dma/status/497939415202004992
RubenBarberLife|2014-08-07 19:00|0|2|"Con Seguros Verti , mi mejor amigo y yo ... ♫ NOS SENTIMOS SEGUROOOS ♫ #miamigomasperro @vertiseguros pic.twitter.com/YnRyuRhBHt"||@vertiseguros|#miamigomasperro|"497427118809419776"|https://twitter.com/RubenBarberLife/status/497427118809419776
Trufi_|2014-08-05 23:25|0|0|""Tu seguro más pintón solo en verti punto com". No había oído nada mejor desde "no me quiero ir de este mundo sin probar Pipas Facundo"."||||"496768917637828608"|https://twitter.com/Trufi_/status/496768917637828608
Grimal2010|2014-07-20 15:53|0|0|"Con Verti , tu Perro estará más Seguro y tu más Tranquilo. ¡Protege a tu mejor Amigo! http:// bit.ly/1rNe0dn pic.twitter.com/BVMQNYXRgi"||||"490856970824732672"|https://twitter.com/Grimal2010/status/490856970824732672
paolitta_love|2014-07-15 23:00|0|0|"Buenísimo día en aqualandia el mejor verti go!! pic.twitter.com/8NqBJYMgXk"||||"489152624177205248"|https://twitter.com/paolitta_love/status/489152624177205248
RicharElmer|2014-07-15 03:12|1|0|"@estoesguerra_tv porq no sentencio a nataly verti q esta q la malogra todo la competencia y vanessa es mucho mejor q nataly"||@estoesguerra_tv||"488853469881991168"|https://twitter.com/RicharElmer/status/488853469881991168
olalla64|2014-07-14 14:34|0|0|"El Seguro + Perro para tu Mejor Amigo. ¡ Verti te ofrece la tranquilidad que necesitas! http:// bit.ly/1rNe0dn"||||"488662875805077504"|https://twitter.com/olalla64/status/488662875805077504
o_verti|2014-07-12 20:44|0|0|"@JALobeira Nohabra una mejor posicion en esa foto?, ya hicistes el mismo pose otra vez."||@JALobeira||"488031167786926080"|https://twitter.com/o_verti/status/488031167786926080
ottenizado|2014-07-09 22:30|2|2|"@ochilleron @Aralem @albertosan101 holanda debe dar un paso adelante. Verti mejor plantada a Argentina"||@ochilleron @Aralem @albertosan101||"486970616839671808"|https://twitter.com/ottenizado/status/486970616839671808
aburrido354|2014-07-03 05:09|0|1|"@AlexBelmont2103 @JuryStolen VERTI TE OFRECE LA MEJOR TARIFA EN TU PÓLIZA DE SEGUROS."||@AlexBelmont2103 @JuryStolen||"484534380216741889"|https://twitter.com/aburrido354/status/484534380216741889
o_verti|2014-06-19 18:50|0|0|"@JALobeira o mejor dicho extrañas a otra persona? unos de mis oidos me lo ha dicho."||@JALobeira||"479667624779862017"|https://twitter.com/o_verti/status/479667624779862017
Javi_de_Martos|2014-06-17 20:31|0|0|"Cansado que me sigan robando en Mapfre, d momento la mejor opción que me han ofrecido viene d Verti . Alguien me puede dar alguna referencia?"||||"478968071403880448"|https://twitter.com/Javi_de_Martos/status/478968071403880448
astracan|2014-06-16 12:41|0|0|"@javierlobo en varios rastreadores el mejor precio en mi caso me lo da Qualitas Auto. Verti ni siquiera me admite, no pillarán noveles"||@javierlobo||"478487607098486784"|https://twitter.com/astracan/status/478487607098486784
integrale156|2014-06-11 22:08|0|0|"@Sprintvel mejor la bruja de Verti , ande vas a "parir""||@Sprintvel||"476818339663474688"|https://twitter.com/integrale156/status/476818339663474688
o_verti|2014-06-09 04:18|0|0|"@JALobeira Si en verdad se desea una amistad con vence mis oidos, Porque tu lo hubieras escrito mejor , y no alguien que esta tarde a dar"||@JALobeira||"475824254169006080"|https://twitter.com/o_verti/status/475824254169006080
Verti_777|2014-06-07 04:10|0|0|"En todo el mundo el portero es Corona el mejor portero de México #OrchoaOCoronaTD vamos México a ganar"|||#OrchoaOCoronaTD|"475097354891051008"|https://twitter.com/Verti_777/status/475097354891051008
o_verti|2014-06-04 20:20|0|0|"@JALobeira me cansa y tolerando tu immadurez y faltandote de comprender el corazon, y si intentas decirme de buscar hobbies pues mejor digo"||@JALobeira||"474254354925375488"|https://twitter.com/o_verti/status/474254354925375488
o_verti|2014-05-26 21:34|0|0|"@JALobeira No dijistes que hibas hacer lo mejor que podias?, Pues enviame(o mas) un mensaje y dejarme recordado es la mejor opcion ."||@JALobeira||"471011466338791424"|https://twitter.com/o_verti/status/471011466338791424
o_verti|2014-05-25 21:06|0|0|"@JALobeira hize lo mejor de nuestra platica,porque no quiero esparar mas por lo quiero que formemos nuestra relacion mas intimamente."||@JALobeira||"470641980641255425"|https://twitter.com/o_verti/status/470641980641255425
o_verti|2014-05-25 20:55|0|0|"@JALobeira Lobo se que significa "lo mejor que se puede", Si me das tu repuesta en, Pues tendria decirlo como se solucionaria la causa."||@JALobeira||"470639291001872385"|https://twitter.com/o_verti/status/470639291001872385
Malloresa|2014-05-13 00:22|0|1|"#Verti , si el tío del anuncio va a imitar a @raquelsastrecom cuando dice "wapa wapa", mejor que lo haga ella directamente, ¿no?"||@raquelsastrecom|#Verti|"465980427271159808"|https://twitter.com/Malloresa/status/465980427271159808
o_verti|2014-05-12 08:14|0|0|"@JALobeira ni me importarialo que esta escrito, ya que determinaria corregir un error si siento si hay un problema, Me sentiria mejor si"||@JALobeira||"465736691785818112"|https://twitter.com/o_verti/status/465736691785818112
JacoDeBs|2014-05-09 14:01|0|2|"Vertí lágrimas en hombros equivocados, pero eso me ha enseñado a elegirlos mejor ."||||"464736834099376128"|https://twitter.com/JacoDeBs/status/464736834099376128
o_verti|2014-05-09 08:52|0|0|"@JALobeira Y como deba aprender de ti? Por lo mucho dije la verdad sobre ti y en vez que me arriepiente me hace sentir mejor y si tu yotros"||@JALobeira||"464659261239209984"|https://twitter.com/o_verti/status/464659261239209984
siento75|2014-05-07 14:02|1|1|"@EL_Vertiginoso gracias, Verti . Igual para vos! Todo lo mejor . Besotes"||@EL_Vertiginoso||"464012425142890496"|https://twitter.com/siento75/status/464012425142890496
Marianelarebel|2014-05-05 02:43|0|1|"@amauryocaa Mira, agarra algun recipiente de madera y echale yerba ponele la bombilla y vertí agua caliente. Mejor , venite para aca"||@amauryocaa||"463116793176141824"|https://twitter.com/Marianelarebel/status/463116793176141824
julianleiguarda|2014-04-24 01:25|0|0|"Estoy mucho mejor con la verti :D"||||"459110753392656384"|https://twitter.com/julianleiguarda/status/459110753392656384
FaaDeLeon|2014-04-20 22:06|0|0|"Feliz cumpleaños a la mejor verti de toditas Espero que tenga el mejor de los días, gracias por… http:// instagram.com/p/nBkIsMrsZj/"||||"457973583831371776"|https://twitter.com/FaaDeLeon/status/457973583831371776
Lurditaslur|2014-04-15 15:58|0|0|"habeis visto el auncio de verti ? Pues ha sido lo mejor que he visto en mi vida"||||"456069045134319616"|https://twitter.com/Lurditaslur/status/456069045134319616
URBULLSHIT_|2014-04-11 04:29|0|0|"ENTRA EN DUDA LA CONTINUIDAD DE VERTI ! VAMOS LA PUTA! MEJOR NOTICIA EVER!"||||"454446204500574208"|https://twitter.com/URBULLSHIT_/status/454446204500574208
544William|2014-04-09 17:29|0|0|"Nada mejor como hacer el trabajo escuchando ha pedro suerez verti ....."||||"453917709609492480"|https://twitter.com/544William/status/453917709609492480
MrFieldsMex|2014-04-09 04:25|0|0|"Después de un vertí corte un arrope de arena Silica es lo mejor para evitar el tatch y tener un campo perfecto pic.twitter.com/U1aJF6hIol"||||"453720271707336705"|https://twitter.com/MrFieldsMex/status/453720271707336705
AbelCapponi|2014-04-07 04:29|0|0|"Verti ,que hiciste con el mejor o unos de los mejores equipos de la argentina?? Es para matarte -.-"||||"452996443859865600"|https://twitter.com/AbelCapponi/status/452996443859865600
olle_jorge2|2014-04-03 07:40|0|0|"#Mejor K #Muchos Gasol vuelve a ser baja por sus problemas de vértigo: Los problemas de vérti ... http:// bit.ly/1jDo5H9 #Amo Ah mi Novia"|||#Mejor #Muchos #Amo|"451595044739248129"|https://twitter.com/olle_jorge2/status/451595044739248129
olle_jorge2|2014-04-03 07:40|0|0|"#Mejor K #Muchos Gasol vuelve a ser baja por sus problemas de vértigo: Los problemas de vérti ... http:// bit.ly/1lpbKGo #Amo Ah mi Novia"|||#Mejor #Muchos #Amo|"451595041648046081"|https://twitter.com/olle_jorge2/status/451595041648046081
ChumyRockWhore|2014-03-20 15:08|0|0|"Rock SUPERMEGAGUAY cortesía de RockFM, la Cope, y patrocinado por Verti Seguros. Sí, muchísimo mejor que Los 40, por ejemplo."||||"446649372001206273"|https://twitter.com/ChumyRockWhore/status/446649372001206273
IvNavarro21|2014-03-19 11:47|0|0|"¿Cuál ha sido el mejor concierto en el que has estado? — El del dia 22 de juny a Pego ... Smoking Soul's , Verti ... http:// ask.fm/a/afeqjb8k"||||"446236575677308928"|https://twitter.com/IvNavarro21/status/446236575677308928
o_verti|2014-03-14 11:32|0|0|"ya intente lo mejor que pude contigo pero al ver tu rostro con ojos enegrizados es dificil de conformarme espeicialmente si me acusas antes"||||"444420832010313728"|https://twitter.com/o_verti/status/444420832010313728
dubmetrap|2014-03-13 23:17|1|1|"Noooo, Verti es mejor xd @SaaraDoodle @jajxdd"||@SaaraDoodle @jajxdd||"444235758816468992"|https://twitter.com/dubmetrap/status/444235758816468992
TtboyTrial|2014-03-12 21:04|0|0|"Cada dia se pone mejor el reto RIU verti TRIAL con la Noticia que nuestro amigo Will Haden de Kansas tambien viene al reto Riu"||||"443839997439799296"|https://twitter.com/TtboyTrial/status/443839997439799296
TtboyTrial|2014-03-12 21:03|0|0|"Whoow cada dia se pone mejor el reto RIU verti TRIAL con la Noticia que nuestro amigo Will Haden de Kansas... http:// fb.me/10w5tCEYe"||||"443839809895661569"|https://twitter.com/TtboyTrial/status/443839809895661569
quite_terribly|2014-03-09 04:30|0|0|"Así que preparé café -caracolillo, el mejor -, dejé enfriar la esencia y lo vertí sobre el helado-- SOY UN GENIO, ESTA COSA ES DELICIOSA."||||"442502758369730561"|https://twitter.com/quite_terribly/status/442502758369730561
Miguebrice|2014-02-26 05:33|0|0|"@hoy_mismo vertí que merece más, interpretación mejor el domingo, pero coreografía e imágenes son un insulto para el país, no es culpa de el"||@hoy_mismo||"438532315221090304"|https://twitter.com/Miguebrice/status/438532315221090304
pajaritosapo|2014-02-23 04:02|0|0|"#VivaDichato2014 falto la mejor , que fue la del peruano pedro suarez verti , que fue de una teleserie del mismo mega, me estoy enamorando"|||#VivaDichato2014|"437422099091959808"|https://twitter.com/pajaritosapo/status/437422099091959808
LuciiaCille|2014-02-04 21:27|1|1|"@AngyVdF ponte bien ya bobi.. Que a lo mejor u sabadu voi a velti y quiero verti esa sonrisa tan grandi que tens enana (':"||@AngyVdF||"430799899077402626"|https://twitter.com/LuciiaCille/status/430799899077402626
Calero73Lina|2014-01-30 17:21|0|0|"Pedro Suárez verti te deseo lo mejor sigue adelante nosotros tu publico queremos segui gosando con tus canciones"||||"428925889381167104"|https://twitter.com/Calero73Lina/status/428925889381167104
aimfri|2014-01-28 11:56|1|0|"En aimfri opinamos sobre Nuez Seguros, Línea Directa y Verti seguros. ¿Cuál es la mejor opción? http://www. aimfri.com/foros/topic/op inion-linea-directa-seguros-nuez-verti-seguros-desgravan-hacienda-2/ …"||||"428119381567361024"|https://twitter.com/aimfri/status/428119381567361024
tujuzgador|2014-01-28 02:56|0|0|"Órale con @YaNiPaper se me vino encima la gente de @Vertí goPolitico mejor ya pónganse a pensar en temas en vez de lanzarse como jauría"||@YaNiPaper @Vert||"427983403342766080"|https://twitter.com/tujuzgador/status/427983403342766080
LemosYohana|2014-01-20 22:13|0|0|"@wanditanara que boluda no podes verti a los ters iguales deja de pensa en vos y verti mejor a tu hijo puta"||@wanditanara||"425375574488809472"|https://twitter.com/LemosYohana/status/425375574488809472
Vay_Brrw|2014-01-20 13:13|0|0|"@RoseZellerH Me rei- No agradezcas nada... Eres mi mejor amiga- Verti el azúcar en el café y removi la taza con la cucharilla."||@RoseZellerH||"425239687696240640"|https://twitter.com/Vay_Brrw/status/425239687696240640
EL_DR_CHOY_1|2014-01-07 22:15|0|0|"@lopfer eso de control machete canta como delincuente aggggggg que asco esa cancion no saben organizar su letra, mejor es pedro suarez verti"||@lopfer||"420664947547197440"|https://twitter.com/EL_DR_CHOY_1/status/420664947547197440
AmeezyIsMyTexan|2013-12-16 18:23|0|0|"Aceptarlo, lo mejor de StarClub es el anuncio de Verti #YoEscuchoMegaStar #MahomiesAndSTARCLUBSayHiAustin"|||#YoEscuchoMegaStar #MahomiesAndSTARCLUBSayHiAustin|"412634187359739904"|https://twitter.com/AmeezyIsMyTexan/status/412634187359739904
jatocan80|2013-12-16 18:07|0|0|"Como dice Verti : tras un 2013 pésimo, sólo puede venir un 2014 mejor (o eso espero)."||||"412630116557422592"|https://twitter.com/jatocan80/status/412630116557422592
javimgol|2013-12-14 19:32|0|0|"@Steizam Chiriches mejor que todos los que nombras, salvo quizás Verti"||@Steizam||"411926605687054337"|https://twitter.com/javimgol/status/411926605687054337
NicoleArroyo_08|2013-12-11 00:29|0|0|"¿Cuál es el mejor consejo que te han dado? — no te enamores......!!! nunca combinar rayas horizontales con verti ... http:// ask.fm/a/a17dp7fd"||||"410551837805518848"|https://twitter.com/NicoleArroyo_08/status/410551837805518848
jota_hipono|2013-11-20 11:00|0|0|"Hay un anuncio de la radio de Verti que me tiene profundamente asqueado. Para mí este año 2013 es el mejor de mi vida y no quiero que acabe."||||"403100463379120129"|https://twitter.com/jota_hipono/status/403100463379120129
robimoli07|2013-11-14 17:20|0|0|"Que mala hostia me entra cada vez que veo el anuncio extrafalario de #Verti . Que payasada, nunca mejor dicho, orteras..."|||#Verti|"401021712311255040"|https://twitter.com/robimoli07/status/401021712311255040
moranalvaro|2013-11-12 17:18|0|0|"@ArnoldSocial demasiado parecido al de Verti seguros para mi gusto la verdad. ¡Lo mejor los osos!"||@ArnoldSocial||"400296507858878464"|https://twitter.com/moranalvaro/status/400296507858878464
Netijam|2013-11-12 13:51|0|0|"Enhorabuena @vertiseguros !! RT @Puntoseguro : VERTI gana el Premio CRC Oro a la mejor atención al cliente en seguros http:// dlvr.it/4JW4K6"||@vertiseguros @Puntoseguro||"400244499789910016"|https://twitter.com/Netijam/status/400244499789910016
aimfri|2013-11-07 14:21|0|0|"Opinion Union alcoyana y verti seguros: Yo preguntaría mejor en Union Alcoyana si tiene oficinas.... http:// bit.ly/17ex2Da #autosaimfri"|||#autosaimfri|"398440161639268354"|https://twitter.com/aimfri/status/398440161639268354
ivancochegrus|2013-11-07 05:43|0|0|"La mejor llorona definitivamente la de Sebastián vertí el público siempre da una buena crítica, Xochimilco muchas quejas"||||"398309658827321344"|https://twitter.com/ivancochegrus/status/398309658827321344
drissarfal|2013-11-04 12:42|0|0|"Que bueno el nuevo Slogan de Vertí : después de un 2013 pésimo solo puedo llegar un 2014 mejor ! Solo le falta Amén !"||||"397328039149060096"|https://twitter.com/drissarfal/status/397328039149060096
vanepg_19|2013-10-30 01:23|1|0|"Como me vaa gustando mii vidaa y cada dia mejor ya tenemos en verti 'c una nuevaa camarera @Criistygallardo jajak a curra qe este verano. ;)"||@Criistygallardo||"395345093542305792"|https://twitter.com/vanepg_19/status/395345093542305792
AntonioVerano96|2013-10-22 00:33|1|1|"@vertiguillo oleee oleee el mejor verti que haaay jajajjja muchas graciaaaaas eres el mejorrrr se te quiereee"||@vertiguillo||"392418458845347840"|https://twitter.com/AntonioVerano96/status/392418458845347840
kambalaches|2013-10-16 12:00|0|0|"@nuez_es Mejor Verti Seguros y su Plan Amigos: http://www. verti.com/promociones/pl an-amigos.html … … permite ahorrar hasta el 100%. Si necesitas recomendador, contáctame"||@nuez_es||"390416894575931392"|https://twitter.com/kambalaches/status/390416894575931392
Loida_Escab|2013-10-10 17:27|0|0|"@LoboRundas @DixieMCR ¡La Verti siempre está presente! Y como vive al límite, mejor tener un seguro. xD"||@LoboRundas @DixieMCR||"388324806392688641"|https://twitter.com/Loida_Escab/status/388324806392688641
karlosphillips1|2013-10-10 10:06|0|0|"La mejor vacilada dond #Verti"|||#Verti|"388213812152635392"|https://twitter.com/karlosphillips1/status/388213812152635392
karlosphillips1|2013-10-10 08:41|1|0|"La mejor noche con @bryaancito @jOnAOlveerA @lokillo_ney25 @DiieGoMaciias @ChriztianFlavio #Verti #CarlosCalva amanecidaa"||@bryaancito @jOnAOlveerA @lokillo_ney25 @DiieGoMaciias @ChriztianFlavio|#Verti #CarlosCalva|"388192539825541121"|https://twitter.com/karlosphillips1/status/388192539825541121
GuadiiRuiz1|2013-10-09 00:30|0|0|"nada mejor que ver a @alu_ramos y @sofii_ verti hacer aerobic jajaja"||@alu_ramos @sofii_||"387706498912382976"|https://twitter.com/GuadiiRuiz1/status/387706498912382976
Domenech_15|2013-10-08 19:06|0|0|"Lo mejor del anuncio de Verti es que censuran "culo""||||"387624932261494785"|https://twitter.com/Domenech_15/status/387624932261494785
aimfri|2013-10-07 09:33|0|0|"Opiniones Seguros Verti de 6 ruedas, ¿qué cubre? ¿Es bueno?: Yo diria que es mejor que los tengas... http:// bit.ly/17M9eEo #motosaimfri"|||#motosaimfri|"387118452697092098"|https://twitter.com/aimfri/status/387118452697092098
CparaC|2013-10-05 15:33|0|0|"La mejor atracción de hoy es la búsqueda de los momentos felices. #Despierta , crea tus momentos #verti , crea tu felicidad!!"|||#Despierta #verti|"386484307042512896"|https://twitter.com/CparaC/status/386484307042512896
XaquinQV|2013-10-02 19:32|0|0|"@PiruchVK Y dále, pareces de Verti Seguros.Yo creo que la mejor defensa es mantener sus derechos."||@PiruchVK||"385457310455173120"|https://twitter.com/XaquinQV/status/385457310455173120
aimfri|2013-09-25 15:18|1|0|"Verti o Mapfre, ¿cuál es mejor decisión? (ambas pertenecen a Grupo Mapfre): si quieres mi opinion... http:// bit.ly/1h0cIo4 #autosaimfri"|||#autosaimfri|"382856677709455360"|https://twitter.com/aimfri/status/382856677709455360
Nerea181197|2013-09-25 14:59|0|0|"Pues no todo es lo que parece, ya te digo que a verti ... — Si es mi mejor amigo es porque me ha demostrado cosas... http:// ask.fm/a/6ck4en6h"||||"382851752212852736"|https://twitter.com/Nerea181197/status/382851752212852736
aimfri|2013-09-25 10:41|1|0|"Verti o Mapfre, ¿cuál es mejor decisión? (ambas pertenecen a Grupo Mapfre): Hola antaradi. Al dec... http:// bit.ly/1fkWzya #autosaimfri"|||#autosaimfri|"382787038048555008"|https://twitter.com/aimfri/status/382787038048555008
aimfri|2013-09-24 18:30|2|0|"Verti o Mapfre, ¿cuál es mejor decisión? (ambas pertenecen a Grupo Mapfre): yo si me tuviese que ... http:// bit.ly/15pOTRw #autosaimfri"|||#autosaimfri|"382542511828250625"|https://twitter.com/aimfri/status/382542511828250625
aimfri|2013-09-24 14:09|1|0|"Verti o Mapfre, ¿cuál es mejor decisión? (ambas pertenecen a Grupo Mapfre): Si decir que telefóni... http:// bit.ly/14COLkn #autosaimfri"|||#autosaimfri|"382476866424016896"|https://twitter.com/aimfri/status/382476866424016896
GemaSur|2013-09-22 18:24|0|0|"@Diegonme Mejor verti entonces?"||@Diegonme||"381816221962096641"|https://twitter.com/GemaSur/status/381816221962096641
Gemmarcuevas|2013-09-12 10:28|1|0|"Muy buenos consejos de Enrique Flores Calderon, CEO de Verti #DigitalBusiness cuidado con el BIG DATA, mejor BiG Analysis..."|||#DigitalBusiness|"378072697718460416"|https://twitter.com/Gemmarcuevas/status/378072697718460416
AldaraParra|2013-09-02 13:29|1|0|"El Verti Go lo mejor !! @angelapenalva17"||@angelapenalva17||"374494385880449025"|https://twitter.com/AldaraParra/status/374494385880449025
NicholeAucoin|2013-08-28 15:49|0|0|"+ que era la última ya, y la vertí en el bol. Con la cuchara intenté que se mezclara lo mejor posible."||||"372717613446479873"|https://twitter.com/NicholeAucoin/status/372717613446479873
luzquirozg|2013-08-24 00:11|0|0|"Verti pll se pone mejor cada dia"||||"371032001010102272"|https://twitter.com/luzquirozg/status/371032001010102272
yotohardcore|2013-08-23 11:30|0|0|"La mejor experiencia de mi vida fue subirme en #Verti -Go #Aqualandia"|||#Verti #Aqualandia|"370840497084190721"|https://twitter.com/yotohardcore/status/370840497084190721
andresegarcia|2013-08-17 03:33|0|0|"Méjor Méjorasi Méjor Méjorasí iaaa no quiero verti nada no puedo quererte nada veti busca quiénte quiera quien tiaguán teatú manera"||||"368546030498742272"|https://twitter.com/andresegarcia/status/368546030498742272
arielgomez22|2013-08-14 00:17|0|0|"@federomagnoliok yo pediría, mejor , que en FPT escriban Berti en lugar de Verti ...luego de poner que el DT era Martino (?)"||@federomagnoliok||"367409561574993920"|https://twitter.com/arielgomez22/status/367409561574993920
kambalaches|2013-08-08 19:56|0|0|"@nuez_es tiene un servicio pésimo. Yo he cambiado a Verti y es mucho mejor : tienen un seguro 6 ruedas y un plan amigo con el que ahorras"||@nuez_es||"365531961764233217"|https://twitter.com/kambalaches/status/365531961764233217
aimfri|2013-08-05 12:03|0|0|"Opinion Union alcoyana y verti seguros: Tal vez Verti sea la mejor en cuestión de calidad/precio de la... http:// bit.ly/14YGbI8 #aimfri"|||#aimfri|"364325732983377920"|https://twitter.com/aimfri/status/364325732983377920
AlvaroNegrados|2013-07-31 13:16|1|0|"-Me he enamorado de tu seguro nada más Verti -Es mejor que te vallas por si Ocaso -Estamos de Mutua cuerdo -Mapfre mía que mal estamos!"||||"362532284064206849"|https://twitter.com/AlvaroNegrados/status/362532284064206849
Realmentezorra|2013-07-28 20:13|0|0|"Te fuiste y quisiste volver,lo siento, yo te lo al vertí si te vas mejor ni vuelvas porque vas a perder tu tiempo."||||"361549971767566336"|https://twitter.com/Realmentezorra/status/361549971767566336
bIondesica|2013-07-19 03:31|0|0|"@ToxicToothFairy naaaah, mejor tu y Verti ."||@ToxicToothFairy||"358036332578222081"|https://twitter.com/bIondesica/status/358036332578222081
Loida_Escab|2013-07-08 21:25|0|0|"@DixieMCR ¡Maldita sea! Somos buenas raperas, mejor que Verti ...xD"||@DixieMCR||"354320411007266816"|https://twitter.com/Loida_Escab/status/354320411007266816
JmeCardozo|2013-07-04 23:18|0|0|"Holu reeina :3 , [ Tu mejor foto ] + Una frase :)) — Holaaa :D, Vertí una lágrima porque te estoy extrañando Aú... http:// ask.fm/a/4k99cplg"||||"352899343797334016"|https://twitter.com/JmeCardozo/status/352899343797334016
MaguiRivier|2013-07-04 17:20|0|1|"verti GO! lo mejor de la vida este juego, lo mas cerca al suicidio arre pic.twitter.com/prOXxtz1i3"||||"352809118752468992"|https://twitter.com/MaguiRivier/status/352809118752468992
ChriztianFlavio|2013-06-30 04:44|0|0|"@DiieGoMaciias me daba pereza ir donde verti mejor otro dia"||@DiieGoMaciias||"351169359781171200"|https://twitter.com/ChriztianFlavio/status/351169359781171200
vertiseguros|2013-06-17 15:33|0|1|"Recordad que si estáis comiendo pescado y tiene espinas, lo mejor es comerlo despacito. Un mensaje de Verti para los que coméis pescado."||||"346621581772062720"|https://twitter.com/vertiseguros/status/346621581772062720
ChriztianFlavio|2013-06-14 22:32|0|0|"@DiieGoMaciias mejor mañana mijo #verti se va a un concierto me dijo"||@DiieGoMaciias|#verti|"345639925812695040"|https://twitter.com/ChriztianFlavio/status/345639925812695040
aimfri|2013-06-13 00:13|0|0|"Responder a: Opinion Union alcoyana y verti seguros: Yo te diría que mejor Unión Alcoyana es local, pe... http:// bit.ly/12nwwPS #aimfri"|||#aimfri|"344940605903884288"|https://twitter.com/aimfri/status/344940605903884288
DionSmith97|2013-06-11 16:54|0|0|"No hay nada mejor que el "des-fruta" del anuncio de Verti ._."||||"344467662254002177"|https://twitter.com/DionSmith97/status/344467662254002177
gorricodelana|2013-06-10 23:07|0|0|"Sueño con un mundo mejor en el que los que salen en los anuncios de Verti son exterminados."||||"344199264546729985"|https://twitter.com/gorricodelana/status/344199264546729985
jhonny_loayza|2013-05-29 04:33|0|0|"Definitamente Pedro S. Verti lo hace mejor que el pollo crudo de Salim http://www. youtube.com/watch?v=JI5cgB IG0Yc … http:// fb.me/WtpSw6Y3"||||"339570162581794816"|https://twitter.com/jhonny_loayza/status/339570162581794816
PicoCL|2013-05-27 23:49|1|0|"@ChriztianFlavio Reunámosno mejor a joder al Mall del #Verti"||@ChriztianFlavio|#Verti|"339136360793387009"|https://twitter.com/PicoCL/status/339136360793387009
bryaancito|2013-05-27 05:53|0|0|"#verti baila mejor que?.....???"|||#verti|"338865588774506496"|https://twitter.com/bryaancito/status/338865588774506496
bryaancito|2013-05-27 05:51|1|0|"@HGranizo ya dejate de huevadas mijo.. Por una mujer no se sufre.. Sufre mejor por #verti jajajaj"||@HGranizo|#verti|"338864964351717376"|https://twitter.com/bryaancito/status/338864964351717376
andydelarosa|2013-05-26 22:34|0|0|"#verti el mejor pana !!!!"|||#verti|"338755052988682240"|https://twitter.com/andydelarosa/status/338755052988682240
bryaancito|2013-05-26 10:10|0|0|"#verti mejor tendencia falleciada :'("|||#verti|"338567857346576384"|https://twitter.com/bryaancito/status/338567857346576384
Desii_daneets19|2013-05-23 20:23|0|0|"@samudiaz17 ay que ver como te quiero pequeño, eres el mejor de este mundo, que ganas de verti jo.."||@samudiaz17||"337635034297143297"|https://twitter.com/Desii_daneets19/status/337635034297143297
rubendoma|2013-05-23 08:48|0|0|"Querido #Verti menudo oferton,si tienes un coche y haces menos de 3000km al año no contrates el seguro, mejor haztelo mirar."|||#Verti|"337459973426671616"|https://twitter.com/rubendoma/status/337459973426671616
ingridgimnasta|2013-05-19 21:48|0|0|"¿Cuál fue tú mejor cumpleaños? — Uno que me preparó mi abuelito en su villa, con un castillo inchable & yo verti ... http:// ask.fm/a/426nggid"||||"336206816176390144"|https://twitter.com/ingridgimnasta/status/336206816176390144
LuiiisGonzalez|2013-05-16 23:02|0|0|"Con verti mejor"||||"335138299159142400"|https://twitter.com/LuiiisGonzalez/status/335138299159142400
potenciadinero|2013-05-08 23:26|0|0|"http:// potenciatueconomia.com te ofrece lo mejor en: http:// Verti.com , Descuento 100€ seguro Coche. Verti Segur... http:// bit.ly/170iohc"||||"332245242847825920"|https://twitter.com/potenciadinero/status/332245242847825920
RaulWlg|2013-05-05 21:57|0|0|"Laborando desde casa con el mejor ... Pedrito suares verti . http://www. youtube.com/watch?v=BwFmwG F63R4&list=RD02JgN2ZnGlnDQ …"||||"331135672373104641"|https://twitter.com/RaulWlg/status/331135672373104641
EMDudes|2013-04-02 23:32|0|0|"Q nadie se le ocurra contratar nada con @DirectSeguros son penosos, mejor @Verti @Axa @Genesis n fin cualquiera.El q quiera +info razon aqui"||@DirectSeguros @Verti @Axa @Genesis||"319200810850451456"|https://twitter.com/EMDudes/status/319200810850451456
verti_seguros|2013-04-01 02:50|0|0|"En frances es todavía mejor http://www. youtube.com/watch?v=6RMW0W g699A …"||||"318525631300247552"|https://twitter.com/verti_seguros/status/318525631300247552
RevistaElArca|2013-03-31 12:01|1|1|"Aún estáis a tiempo de votar a "El arca" como mejor revista-fanzine en los premios " Verti de Oro"... https://www. facebook.com/PremiosVertici llataDeOro?ref=ts&fref=ts … #elarca #comics"|||#elarca #comics|"318302103082778624"|https://twitter.com/RevistaElArca/status/318302103082778624
thepolykar|2013-03-30 18:15|0|0|"Te devuelvo tus "Eres lo mejor que me ha pasado" pero devuélveme las lagrimas que vertí en tu honor."||||"318048933853159425"|https://twitter.com/thepolykar/status/318048933853159425
sergiofalcon_|2013-03-24 12:20|0|0|"@DonGermanSilva pues, nunca mejor dicho, ¡Despierta! #verti"||@DonGermanSilva|#verti|"315785136698454017"|https://twitter.com/sergiofalcon_/status/315785136698454017
marinitaMF|2013-03-19 21:15|0|0|"@MiriamCadiz93 jura. JAJAJAJAJA POR DIOR. a lo mejor los seguros verti es en honor a ella. Quien sabe.....0_o..."||@MiriamCadiz93||"314107975545536512"|https://twitter.com/marinitaMF/status/314107975545536512
FajardoRacing|2013-03-04 08:48|0|0|"Hay alguien más por aquí que odie los anuncios de verti ? Insultar a tus posibles clientes no me parece la mejor estrategia"||||"308483985263169537"|https://twitter.com/FajardoRacing/status/308483985263169537
GualtieriJL|2013-03-03 17:05|0|0|"@HH_Guaita @sergiserlo sisi el martes a lo mejor jajajaja, ha pinchao antes el gato jajajajajaja, pobre verti santo"||@HH_Guaita @sergiserlo||"308246782058590209"|https://twitter.com/GualtieriJL/status/308246782058590209
HH_Guaita|2013-03-03 17:04|0|0|"@jocarcerek @sergiserlo que tu no vuelves hostiaa el martes a lo mejor si la mano negra quiere pd: el verti santo a pinchao .... el coche xd"||@jocarcerek @sergiserlo||"308246512381607936"|https://twitter.com/HH_Guaita/status/308246512381607936
GualtieriJL|2013-03-03 16:18|0|0|"@sergiserlo @HH_Guaita al haber un verti menos aumentan el número de desgracias para los 2 que quedan, pensadlo. Lo mejor es que vuelva ajaj"||@sergiserlo @HH_Guaita||"308235052939096064"|https://twitter.com/GualtieriJL/status/308235052939096064
Koukyou_Zen|2013-03-02 17:44|0|0|"¿ya habeis votado a @Koukyou_Zen en los verti de oro al mejor medio? podeis votar más de 1 https://www. facebook.com/PremiosVertici llataDeOro …"||@Koukyou_Zen||"307894233380036609"|https://twitter.com/Koukyou_Zen/status/307894233380036609
calistina_KZ|2013-02-28 19:43|0|0|"A ver almas de cántarus ¿ya habeis votado a @Koukyou_Zen en los verti de oro al mejor medio? podeis votar más de 1 https://www. facebook.com/PremiosVertici llataDeOro …"||@Koukyou_Zen||"307199482657902593"|https://twitter.com/calistina_KZ/status/307199482657902593
kevinmuzamuza|2013-02-24 01:46|0|0|"@nago_amazigh claro ....kero verti :-) y siempri te kero ver no te crucopes todo estara mejor ;-)"||@nago_amazigh||"305478706686734336"|https://twitter.com/kevinmuzamuza/status/305478706686734336
RevistaElArca|2013-02-23 13:49|1|0|"Os recordamos que podéis votarnos en los Premios Verti de Oro como mejor fanzine, a través de facebook: https://www. facebook.com/PremiosVertiDe Oro … #elarca"|||#elarca|"305298392400162817"|https://twitter.com/RevistaElArca/status/305298392400162817
IchigoFantasy|2013-02-21 00:52|0|0|"Infinita gratitud a las 27 personas que han votado #GetsuKoko como mejor webcómic en los Premios Verti de Oro que organiza @PrimulaStudio"||@PrimulaStudio|#GetsuKoko|"304378023413706752"|https://twitter.com/IchigoFantasy/status/304378023413706752
LuciaRodher|2013-02-20 23:52|0|0|"@Galath2 una chica, que ha pontado un pollo porque no salía en las votaciones de los premios Verti de Oro al mejor dibujante y se puso>>"||@Galath2||"304362934644137984"|https://twitter.com/LuciaRodher/status/304362934644137984
ANDERGRAUN|2013-02-20 21:10|4|0|"Momento de autobombo!!! Nos han nominado en los Verti de Oro a mejor fanzine https://www. facebook.com/questions/3430 23299148665/ … Entrad y votadnos. Venga. Va. Votad."||||"304322064007974913"|https://twitter.com/ANDERGRAUN/status/304322064007974913
capicua_|2013-02-20 19:40|0|0|"Dios mío, el libro de la polémica, que leí y no me gustó NADA (véase DRACULESTI) está nominado en los premios Verti al mejor libro del año!!"||||"304299512405561345"|https://twitter.com/capicua_/status/304299512405561345
Studio_Kat|2013-02-20 18:56|0|0|"Han reseteado los premios Verti de Oro y seguimos nominados a Mejor Fanzine por KATZVengers y Malditos Templarios.... http:// fb.me/BT33WWms"||||"304288359243739136"|https://twitter.com/Studio_Kat/status/304288359243739136
Plusichan|2013-02-20 17:33|0|0|"Yo me llamo Ralph nominado al mejor fanzine en los Premios Verti Para La Gente Inteligente."||||"304267553038012416"|https://twitter.com/Plusichan/status/304267553038012416
sounchama|2013-02-20 17:03|0|0|"En la parte al mejor ilustrdor/dibujante de los premios verti de oro, se puede saltar sin marcar a nadie?"||||"304260030193094659"|https://twitter.com/sounchama/status/304260030193094659
NewsNya|2013-02-20 16:59|0|0|"Premios Verti de Oro. Si votáis a ZonaFandom como mejor medio seré un poco más feliz, pero podéis votar más http:// kcy.me/fp7p"||||"304259111846039553"|https://twitter.com/NewsNya/status/304259111846039553
Naruedyoh|2013-02-20 16:59|0|0|"Premios Verti de Oro. Si votáis a ZonaFandom como mejor medio seré un poco más feliz, pero podéis votar más http:// kcy.me/fp7p"||||"304259102979289088"|https://twitter.com/Naruedyoh/status/304259102979289088
ElypsiaProject|2013-02-19 22:21|1|0|"Andá!! Estamos nominadas como mejor dibujante/ilustrador en los Premios Verti de Oro de @PrimulaStudio"||@PrimulaStudio||"303977639184588802"|https://twitter.com/ElypsiaProject/status/303977639184588802
Emmy_Altava|2013-02-19 21:06|0|0|"Si tenéis un minuto, votad a una amiga mía al verti de oro al mejor webcomic. Es Alice in Randomland :3 http://www. facebook.com/questions/3415 92715958390/ …"||||"303958640329621505"|https://twitter.com/Emmy_Altava/status/303958640329621505
Plusichan|2013-02-19 13:05|0|0|"He puesto como 6 o 7 artistas más de Black Seal en lo de Mejor Ilustrador de los Premios Verti . xD"||||"303837618439868417"|https://twitter.com/Plusichan/status/303837618439868417
kamapon|2013-02-19 12:51|0|0|"https://www. facebook.com/questions/3416 02245957437/ … Gracias por todos los que me habéis votado como mejor ilustradora en los Verti :)"||||"303834226061623296"|https://twitter.com/kamapon/status/303834226061623296
RebsyGirl|2013-02-19 11:14|0|0|"Han nominado a @Electrocereal como mejor dibujante/ilustrador a los premios Verti #NoDigoNá https://www. facebook.com/questions/3416 02245957437/ …"||@Electrocereal|#NoDigoN|"303809737869365248"|https://twitter.com/RebsyGirl/status/303809737869365248
Zuthell|2013-02-18 22:34|1|0|"Ahi va!! Me han nominado a los " Verti de Oro al mejor dibujante/Ilustrador"!! o.O No sé como ha ido eso, pero... http:// fb.me/1VaQj5rR5"||||"303618632498438144"|https://twitter.com/Zuthell/status/303618632498438144
Studio_Kat|2013-02-18 17:01|2|0|"Candidatos Verti de Oro a Mejor Fanzine con KATZVengers, MalditosTemplarios y ChapanWeekend. RT si no eres un skrull. http://www. facebook.com/questions/3415 97545957907/ …"||||"303534737077714945"|https://twitter.com/Studio_Kat/status/303534737077714945
MarisaArtistt|2013-02-18 16:46|0|0|"o___o Me han puesto como candidata como " verti de oro al mejor dibujante"... pero tenéis mucha gente más a la que... http:// fb.me/1SO4vf5Rt"||||"303530848374886400"|https://twitter.com/MarisaArtistt/status/303530848374886400
PulpcomicsMgz|2013-02-18 16:42|2|0|"Candidatos en los premios Verti de oro (de @PrimulaStudio) a mejor fanzine! Si queréis votarnos ya sabéis: http://www. facebook.com/questions/3415 97545957907/ … :P"||@PrimulaStudio||"303530012689186816"|https://twitter.com/PulpcomicsMgz/status/303530012689186816
Epic_Time|2013-02-17 21:31|2|0|"Ayuda a Epic Time en los premios Verti de Oro al mejor medio de comunicación https://www. facebook.com/PremiosVertiDe Oro … @imagenescomics"||@imagenescomics||"303240233028313089"|https://twitter.com/Epic_Time/status/303240233028313089
shojospain|2013-02-17 20:29|1|0|"Se celebran los premiso Verti de oro de 2013, y podéis votarnos como mejor medio -> http:// primulastudio.blogspot.com.es/2013/02/premio s-verti-de-oro-2013.html …"||||"303224704771186690"|https://twitter.com/shojospain/status/303224704771186690
Plusichan|2013-02-17 18:07|0|0|"@koinya http://www. facebook.com/questions/3416 06855956976/ … ¡Votaos como Mejor Medio de Comunicación en los premios Verti de Oro!"||@koinya||"303188942361079809"|https://twitter.com/Plusichan/status/303188942361079809
edsanpe|2013-01-31 22:17|0|0|"@rosa_bermejo http:// verti.com Mejor dominio #Seguros #verti pic.twitter.com/gJz29Xc6"||@rosa_bermejo|#Seguros #verti|"297091295162281984"|https://twitter.com/edsanpe/status/297091295162281984
Loida_Escab|2013-01-29 16:17|0|0|"@DixieMCR Y a la Verti y a sus amantes...Nos hubiese salido mejor ."||@DixieMCR||"296275797549928448"|https://twitter.com/Loida_Escab/status/296275797549928448
Majozavala98|2013-01-28 19:26|0|0|"Ella seguia llorando, abrazada a mi, casi pidiendome quedarse , no verti ni una lagrima pues queria lo mejor para ella @paulocoelho"||@paulocoelho||"295961005027106817"|https://twitter.com/Majozavala98/status/295961005027106817
JGuerreroM96|2013-01-20 02:57|2|0|"Seguros Verti , para " verti mejor " @XtobalNavarro @GuillermoCaro5 jajajaja"||@XtobalNavarro @GuillermoCaro5||"292813063671914496"|https://twitter.com/JGuerreroM96/status/292813063671914496
JBogajo|2013-01-09 16:26|1|0|"Me encanta como #Verti te vende que estar desprotegido en seguros es muchísimo mejor , dónde vamos a parar, que estar protegido #Verparacreer"|||#Verti #Verparacreer|"289030317489156096"|https://twitter.com/JBogajo/status/289030317489156096
FaaDeLeon|2013-01-08 20:41|0|0|"@Lemus_Lucy Como siguio Verti ? :) Espero que ya este mejor :)"||@Lemus_Lucy||"288732287472902146"|https://twitter.com/FaaDeLeon/status/288732287472902146
221Sandra|2012-12-24 23:49|0|0|"Aunque luego me ha mandado abrir el mueble y ha sido mejor aún! Adoro a Verti !!!!!!!!!"||||"283343753396228096"|https://twitter.com/221Sandra/status/283343753396228096
Toniibriito|2012-12-15 01:21|0|0|"Mejor experiencia? pasate — Vertí una lágrima porque te estoy extrañando Aún estoy bien para sonreír Chica, a... http:// ask.fm/a/1hmbkkmq"||||"279742820603015170"|https://twitter.com/Toniibriito/status/279742820603015170
ivan__asensio|2012-12-07 14:02|0|0|"@AnaObreo eaaa eso fue lo mejor sin duda esk le verti to el cubata en la cara y dek se lebanta co el flekillo to mojao eaaaa yo no podia ma"||@AnaObreo||"277035276696686592"|https://twitter.com/ivan__asensio/status/277035276696686592
luiseduardoar11|2012-12-07 03:07|0|0|"#vertigo muy hermoso el hospan de la #cathybarrigas me ubiese gustado ver mas kajjjkajkaj es muy ermosa ella la amo lo mejor q a ido a verti"|||#vertigo #cathybarrigas|"276870553019752448"|https://twitter.com/luiseduardoar11/status/276870553019752448
ustoragemx|2012-11-29 17:00|0|0|"Si este año pondrás en tu casa Árbol de Navidad, la mejor forma de poner las luces es en forma verti http:// pinterest.com/pin/5481725858 63698257/ …"||||"274180989444583424"|https://twitter.com/ustoragemx/status/274180989444583424
Dulce_Locura1|2012-11-25 20:26|0|0|"@LauryMadriz tu si que eres la mas mejor , y me he puesto en el pc solo Pa vertí TC , al loro eh ? Jajaj juapa !"||@LauryMadriz||"272783399050178560"|https://twitter.com/Dulce_Locura1/status/272783399050178560
aimfri|2012-11-16 13:01|0|0|"Responder a: pagame mis horas de trabajo VERTI !!!!!!: yo pienso lo mismo, lo mejor es no tocar nada, aunque te... http:// bit.ly/ZWBsHb"||||"269409809642713088"|https://twitter.com/aimfri/status/269409809642713088
Nubia3018|2012-10-06 23:21|0|0|"@giodelgador Buenas tardes Giovana, tu mensaje de #yolucho x tu mejor amiga, me llegó al alma y sin explicarme verti unas lágrimas x ella."||@giodelgador|#yolucho|"254692949202440193"|https://twitter.com/Nubia3018/status/254692949202440193
guaridrigo|2012-10-04 03:18|0|0|"Me encanta este retrato. Kim Novak. Segun la revista de cine Sight & Sound, esta es la mejor pelicula. Verti http:// instagr.am/p/QV3UiYTZpX/"||||"253665411189571584"|https://twitter.com/guaridrigo/status/253665411189571584
Loida_Escab|2012-09-26 22:12|0|0|"@DixieMCR Siempre llevaré a Verti en mi corazón y en twitter mediante hashtags (con rencor pero lo haré) xD A lo mejor me sube la nota xD"||@DixieMCR||"251051659554344961"|https://twitter.com/Loida_Escab/status/251051659554344961
Guillecordova20|2012-09-24 23:08|0|0|"En el mejor momento aparecio mi verti aparte lo del ray (y)"||||"250341035920719874"|https://twitter.com/Guillecordova20/status/250341035920719874
LeeBadMoFo|2012-09-17 07:10|0|0|"LO TENGO PEGAJOSO, será mejor que limpie el refresco que verti sobre mi celular xD"||||"247563067909615616"|https://twitter.com/LeeBadMoFo/status/247563067909615616
Melii_ap|2012-09-07 23:06|0|0|"@Abeteckkk no me porto bien ): disculpame! Pero ps el dia del verti bueno antes.. Ya habia .. Mejor md!"||@Abeteckkk||"244179754847203328"|https://twitter.com/Melii_ap/status/244179754847203328
Gino_Franco|2012-09-02 05:37|0|0|"@EriickMontero para quedar mal mejor no hago nada jajajajaja este man de verti te acuerdas ese man sabe arto de esas movidas"||@EriickMontero||"242104040316624896"|https://twitter.com/Gino_Franco/status/242104040316624896
janetvayleti|2012-08-28 15:57|0|0|"“ @delidetalles : @cachito_o gracias x acompañarme a q @janetvayleti alias la vertí se sintiera mejor las amo <3”/ muchas gracias :)"||@delidetalles @cachito_o @janetvayleti||"240448110877364224"|https://twitter.com/janetvayleti/status/240448110877364224
alex_cardena|2012-08-25 18:22|0|0|"El verti será lo mejor ."||||"239397380594745344"|https://twitter.com/alex_cardena/status/239397380594745344
chochisaurio|2012-08-24 22:29|0|0|"@AxelCobain de echo es 987654567890 veses mejor que bennigan's deja me un pedaso de pizza y me lo das en el verti e.e"||@AxelCobain||"239097061566464002"|https://twitter.com/chochisaurio/status/239097061566464002
VeneFlow|2012-08-24 06:47|0|0|"aprende a moverse, ya se gano el verti y es el mejor en dubstep."||||"238859984157429760"|https://twitter.com/VeneFlow/status/238859984157429760
IncognitoDeLeo|2012-08-23 14:07|1|1|"Estábamos él y yo en el ascensor, entonces saqué un bote de Cola-Cao y se lo vertí encima. Sin duda el mejor polvo de su vida"||||"238608318103420929"|https://twitter.com/IncognitoDeLeo/status/238608318103420929
Arbos10|2012-08-23 01:28|2|0|"Estábamos ella y yo solos en el ascensor.. entonces saqué el bote de ColaCao y se lo vertí encima. Sin duda alguna el mejor polvo de subida."||||"238417416030392320"|https://twitter.com/Arbos10/status/238417416030392320
AlejandroSL|2012-08-21 10:09|0|0|"@vertiseguros Un abrazo desde el otro lado del charco por un ex-(externo) de Verti (Area de IT [4ª planta]) os deseo lo mejor !!! :-)"||@vertiseguros||"237823812958318592"|https://twitter.com/AlejandroSL/status/237823812958318592
JairEscamilla_B|2012-08-21 01:26|0|0|"@Moguel97 Concuerdo contigo, mejor hagamos algo después del verti ."||@Moguel97||"237692069118869504"|https://twitter.com/JairEscamilla_B/status/237692069118869504
JairEscamilla_B|2012-08-19 00:12|0|0|"@CarlaPalmaN Lo sieeeeeentooo :( te lo juro que sólo a ti te he dejado mal y eres la que me cae mejor , ve el sábado al Verti :("||@CarlaPalmaN||"236948630777524224"|https://twitter.com/JairEscamilla_B/status/236948630777524224
Damian_Vimianzo|2012-08-17 02:26|1|0|"Estábamos ella y yo solos en el ascensor.. entonces saqué el bote de ColaCao y se lo vertí encima. Sin duda alguna el mejor polvo de subida."||||"236257774139473921"|https://twitter.com/Damian_Vimianzo/status/236257774139473921
Jhulielm|2012-08-12 03:02|0|0|"Bailar con Verti fue lo mejor :$"||||"234454688064495616"|https://twitter.com/Jhulielm/status/234454688064495616
LaietaR_|2012-08-09 16:13|2|0|"Estabamos ella y yo solos en el ascensor.Entonces,saque el bote de Cola-Cao y se lo vertí encima.Sin duda,el mejor polvo de subida."||||"233566731166171136"|https://twitter.com/LaietaR_/status/233566731166171136
Royito1285|2012-08-09 14:15|0|0|"Nada mejor q verti dormir"||||"233536912722378752"|https://twitter.com/Royito1285/status/233536912722378752
mike_villanueva|2012-08-06 04:09|0|0|"Ganaras el vertí ? — Pues daré lo mejor http:// ask.fm/a/3eg4p07kpl"||||"232297334036393985"|https://twitter.com/mike_villanueva/status/232297334036393985
ehd16|2012-08-05 15:27|0|0|"Estábamos ella y yo solos en el ascensor.. entonces saqué el bote de ColaCao y se lo vertí encima. Sin duda alguna el mejor polvo de subida."||||"232105516183207936"|https://twitter.com/ehd16/status/232105516183207936
nazaaretB|2012-08-05 00:06|0|0|"Estábamos ella y yo solos en el ascensor. Entonces saqué el bote de ColaCao y se lo vertí encima. Sin duda alguna, el mejor polvo de subida."||||"231873837904572416"|https://twitter.com/nazaaretB/status/231873837904572416
markos_gm|2012-08-03 21:34|0|0|"Estábamos ella y yo en el ascensor. saqué el bote de ColaCao y se lo verti encima. Sin duda alguna, el mejor polvo de subida @Alesaxg"||@Alesaxg||"231473227149492224"|https://twitter.com/markos_gm/status/231473227149492224
EmotionMerida|2012-07-28 20:19|0|0|"quien esta listo para el verti ? el mejor staff de todos 'casablanca' nos tiene preparado algo nuevo"||||"229279870025334787"|https://twitter.com/EmotionMerida/status/229279870025334787
LuiselysN|2012-07-27 07:45|0|0|"Gente que se cree mejor , solo por verti ropa de marca. :$"||||"228727834686930944"|https://twitter.com/LuiselysN/status/228727834686930944
MDavidMartin|2012-07-18 11:00|0|0|"Eso de que lees un estudio que Verti es la aseguradora que mejor convierte y ves 1 landing... http://www. verti.com/landing/01_01/ coche_06.html … y me quedo extrañado..."||||"225515317353390080"|https://twitter.com/MDavidMartin/status/225515317353390080
mediosyredes|2012-07-18 08:32|0|0|"Verti te hace también el mejor precio en neumáticos: Hoy te quiero dar una noticia sobre Ve... http:// bit.ly/NKeg6w #fashion #lujo #vip"|||#fashion #lujo #vip|"225478246475628544"|https://twitter.com/mediosyredes/status/225478246475628544
mediosyredes|2012-07-18 08:23|0|0|"Verti y el mejor precio en neumáticos: Hoy te quiero dar un consejo para que puedas ahorrar un buen di... http:// bit.ly/NKbuy0 #ahorrar"|||#ahorrar|"225475785966891009"|https://twitter.com/mediosyredes/status/225475785966891009
comoahorrar|2012-07-18 08:23|0|0|"Verti y el mejor precio en neumáticos: Hoy te quiero dar un consejo para que puedas ahorrar un buen di... http:// bit.ly/NKbuy0 #ahorrar"|||#ahorrar|"225475785241280512"|https://twitter.com/comoahorrar/status/225475785241280512
mulared|2012-07-15 11:16|0|0|"Si queréis disfrutar de la mejor música en directo pasaos por el pabellón 4. El escenario vertí esta rugiendo!"||||"224432191789207552"|https://twitter.com/mulared/status/224432191789207552
CoserYCantarFM|2012-07-13 02:29|0|1|""Estábamos ella y yo solos en el ascensor..entonces saqué el bote de ColaCao y se lo vertí encima sin duda alguna el mejor polvo de su vida""||||"223574910256160768"|https://twitter.com/CoserYCantarFM/status/223574910256160768
angeeelamc_|2012-07-12 15:24|0|0|"Estábamos ella y yo solos en el ascensor.. entonces saqué el bote de ColaCao y se lo vertí encima sin duda alguna el mejor polvo de subida."||||"223407462043222016"|https://twitter.com/angeeelamc_/status/223407462043222016
petitsusie|2012-07-12 14:31|1|0|"Estábamos el y yo solos en el ascensor.. entonces saqué el bote de ColaCao y se lo vertí encima. Sin duda alguna el mejor polvo de subida."||||"223394197384859648"|https://twitter.com/petitsusie/status/223394197384859648
celiamorillotrg|2012-07-12 14:03|0|0|""Estábamos ella y yo solos en el ascensor.. entonces saqué el bote de ColaCao y se lo vertí encima sin duda alguna el mejor polvo de subida""||||"223387004937834496"|https://twitter.com/celiamorillotrg/status/223387004937834496
Ivan_Canepa|2012-07-10 01:08|0|0|"Mejor ensayo para el verti"||||"222467228082257920"|https://twitter.com/Ivan_Canepa/status/222467228082257920
LLUCHJUELICH|2012-07-06 09:22|1|0|"Lo mejor de los anuncios de Verti es la cara que se les pone a los profesionales al oír el argumentario http:// ow.ly/i/KvwG"||||"221142042208780288"|https://twitter.com/LLUCHJUELICH/status/221142042208780288
EmotionMerida|2012-07-03 07:31|0|0|"@JairEscamilla_B Depende del Staff del Verti porque estan ocupados organizandolo bien para que sea el mejor evento"||@JairEscamilla_B||"220027045462294531"|https://twitter.com/EmotionMerida/status/220027045462294531
Verti_777|2012-07-03 07:00|0|0|"@mel_sandoval mejor metete a bañar... rimo eh"||@mel_sandoval||"220019163316498433"|https://twitter.com/Verti_777/status/220019163316498433
diariomomento|2012-06-30 10:58|0|0|"Kylie Minogue: Madonna es mucho mejor que Lady Gaga – Opinión Bolivia | Momento Diario | En el vérti http:// fb.me/1saOrQoiC"||||"218991976966656000"|https://twitter.com/diariomomento/status/218991976966656000
diariomomento|2012-06-23 12:42|0|0|"Invertir en el capital humano garantiza un mejor futuro a Puebla: RMV | Momento Diario | En el vérti http:// fb.me/1alH9LyjP"||||"216481440597155841"|https://twitter.com/diariomomento/status/216481440597155841
PostureoTwits|2012-06-16 15:39|0|0|"Estábamos ella y yo solos en el ascensor.. entonces saqué el bote de ColaCao y se lo vertí encima. Sin duda alguna el mejor polvo de subida."||||"213989300155596800"|https://twitter.com/PostureoTwits/status/213989300155596800
Melii_ap|2012-06-11 09:00|0|0|"mejor vente al verti de merida :d (@PuchaleRT live on http:// twitcam.livestream.com/aeput )"||@PuchaleRT||"212076847196930050"|https://twitter.com/Melii_ap/status/212076847196930050
JairEscamilla_B|2012-06-11 01:37|0|0|"@Emilyfeernandez ¿Sabes? Mejor me espero al Verti"||@Emilyfeernandez||"211965368950992896"|https://twitter.com/JairEscamilla_B/status/211965368950992896
francooo_c|2012-06-05 04:42|0|0|"@santiagomondino @francooo_c jajaja y si te digo verti dos paquetes en la olla? TiPIKA KOSA DE PRESUMIDO NOSIERTO?/ MEJOR ! tirame un plato ;)"||@santiagomondino @francooo_c||"209837542563000322"|https://twitter.com/francooo_c/status/209837542563000322
NHC_Fotografa|2012-06-03 22:30|0|0|"@corchuelasanz @_eleneta_EPSanz @Nuriaiz_EPSanz no tenias verti ? yo estaba en el culo del xo la compañia lo hacia mejor lo disfrute"||@corchuelasanz @_eleneta_EPSanz @Nuriaiz_EPSanz||"209381618345984000"|https://twitter.com/NHC_Fotografa/status/209381618345984000
raulmasa|2012-06-03 21:12|0|0|""Özil-Khedira-Schweinsteiger forman el mejor centro del campo",según Verti Vogts. De la famosa crisis de los pepinos en Alemanía,un afectado"||||"209362056762241024"|https://twitter.com/raulmasa/status/209362056762241024
Pilar_NM|2012-06-03 01:43|1|0|"En el Calderón en el concierto de Cadena 100 El mejor sitio gracias a Verti"||||"209067630676557824"|https://twitter.com/Pilar_NM/status/209067630676557824
luisF_BE|2012-06-03 01:33|0|0|"@TonyChiyean pues ahuevo yo estoy pensando hacer traning pero no se que onda mejor lo dejo para las eliminatorias del verti :)"||@TonyChiyean||"209065199863463936"|https://twitter.com/luisF_BE/status/209065199863463936
CeliaUllan|2012-06-01 19:53|0|0|"@_GemaTorres_ ola! m he enterado q mañana vs al concierto y creo q vas a verti .quieres quedar para turnarnos en l cola y coger mejor sitio?"||@_GemaTorres_||"208617297252843520"|https://twitter.com/CeliaUllan/status/208617297252843520
Salas3wp|2012-05-31 18:51|0|0|"Estabamos ella y yo solos en el ascensor.. entonces saque el bote de ColaCao y se lo verti encima. Sin duda alguna el mejor polvo de subida"||||"208239285902647296"|https://twitter.com/Salas3wp/status/208239285902647296
mejor_seguro|2012-05-28 12:38|1|0|"ahora con Verti un 15% de descuento y cuotas congeladas durante 3 años. http://www. mejorsegurocoche.com/verti-nos-cong ela-el-recibo-del-seguro-durante-3-anos/ …"||||"207058349567655936"|https://twitter.com/mejor_seguro/status/207058349567655936
elsenorpaloma|2012-05-25 21:34|0|0|"Estabamos ella y yo solos, en el ascensor... No lo dude, saqué el bote de Cola Cao y se lo vertí encima. El mejor polvo de subida."||||"206105997582929920"|https://twitter.com/elsenorpaloma/status/206105997582929920
ArgenisS_75|2012-05-21 03:12|0|0|"@Angel_aaed La neta fue una verga el de szonick y mixer es el mejor a ver que pedo en el verti"||@Angel_aaed||"204379011911135234"|https://twitter.com/ArgenisS_75/status/204379011911135234
MM_Hammond|2012-05-19 18:56|0|0|"@FrankFinder Pues no lo se amigo ¿Que dices? ¿Que opinas? Mejor saca tu conecte del verti y que nos bajen el precio"||@FrankFinder||"203892011386933248"|https://twitter.com/MM_Hammond/status/203892011386933248
sarabanana23|2012-05-10 08:16|0|0|"@blancaveinte pues en realidad, mejor ajjajajaja mira a verti"||@blancaveinte||"200469356050776064"|https://twitter.com/sarabanana23/status/200469356050776064
Verti_777|2012-05-07 03:27|0|0|"Si mejor propongan no se agredan señores candidatos"||||"199309352048402433"|https://twitter.com/Verti_777/status/199309352048402433
markkualen|2012-04-29 14:11|0|0|"El estado de las zapas es proporcional a la diversion. Corre x una sonrisa 10km de Verti . Enhorabuena, la mejor carrera pic.twitter.com/paeaDnTD"||||"196572400719114240"|https://twitter.com/markkualen/status/196572400719114240
markkualen|2012-04-29 13:18|0|0|"Corre 8 una sonrisa. Carrera de obstaculos de Verti - diVERTIdisima!! La mejor del año. Enhorabuena y gracias! pic.twitter.com/uATSz9mI"||||"196559085158678528"|https://twitter.com/markkualen/status/196559085158678528
HogarTZ|2012-04-12 08:01|0|0|"El mejor seguro para tu hogar, Verti #Seguros http:// goo.gl/fb/8O470 #vertiseguros"|||#Seguros #vertiseguros|"190318726061637633"|https://twitter.com/HogarTZ/status/190318726061637633
Resid_Benedetto|2012-04-12 08:01|0|0|"El mejor seguro para tu hogar, Verti Seguros: En Espacio Hogar queremos hablarte de los seguros que tienes a tu ... http:// adf.ly/7LKjy"||||"190318641420574720"|https://twitter.com/Resid_Benedetto/status/190318641420574720
deividroldan|2012-04-11 15:49|0|0|"@francishsh puff deja a verti , ya tenemos el paragüas q es mucho mejor , es cuasi una sombrilla d playa xD"||@francishsh||"190074011479314432"|https://twitter.com/deividroldan/status/190074011479314432
ArmandoBraga|2012-03-29 06:56|0|0|"Okay, admito que vertí unas lágrimas con la carpeta que me dio mi MEJOR AMIGA @MarianaGarciaCr GRACIAS POR TODO :'D"||@MarianaGarciaCr||"185229017836814336"|https://twitter.com/ArmandoBraga/status/185229017836814336
_eleneta_EPSanz|2012-03-27 19:19|1|0|"@AlejandroSanz para ser lo mismo, lo cierto es que Zona Paraiso sonaba mucho mejor que Zona Verti . Y era mucho más apropiado el nombre. :)"||@AlejandroSanz||"184691205492310017"|https://twitter.com/_eleneta_EPSanz/status/184691205492310017
ionutjuan1|2012-03-27 15:28|1|0|"@javinieves @MarAmate @jimenoC100 el mejor regalo para mi novia 2 entradas zona verti para el gran concierto!wauu!!estamos super ilusionados"||@javinieves @MarAmate @jimenoC100||"184632993825046528"|https://twitter.com/ionutjuan1/status/184632993825046528
Tenredamos|2012-03-07 15:07|0|0|"El "Habla con nosotros contrata con quien quieras" de #verti es la versión actual de "busque, compare,y si encuentra algo mejor cómprelo."|||#verti|"177395155165380608"|https://twitter.com/Tenredamos/status/177395155165380608
Tenredamos|2012-03-07 15:05|0|0|"El "Habla con nosotros contará con quien quieras" de #verti es la versión actual de "busque, compare,y si encuentra algo mejor cómprelo."|||#verti|"177394620521660416"|https://twitter.com/Tenredamos/status/177394620521660416
YonkesenMexico|2012-02-23 20:39|0|0|"Bienvenido MARCO VERTI a Yonkes en México, esperamos ofrecerte el mejor servicio... http:// bit.ly/rL5qnW"||||"172767487568519168"|https://twitter.com/YonkesenMexico/status/172767487568519168
brendalopolis|2012-02-18 05:40|0|0|"@diane_awkward Pero es mejor vertí realidad a vivir en un sueño que te lastima mas"||@diane_awkward||"170729299375161344"|https://twitter.com/brendalopolis/status/170729299375161344
Pare_Trejo|2012-01-21 20:22|0|0|""Ya mejor mentalizate o ahogate" Fipi Verti"||||"160804460552134656"|https://twitter.com/Pare_Trejo/status/160804460552134656
areTWings|2012-01-19 16:27|1|0|"Os presentamos a nuestro nuevo padrinito @VERTI _CALIDAD. Echadle un vistazo a su perfil, nadie mejor para haceros un buen arreglo."||@VERTI||"160020458715090944"|https://twitter.com/areTWings/status/160020458715090944
Deysi_truji|2012-01-16 06:39|0|0|"@FaaDeLeon le pediré platica a la verti hahahaha para una mejor comprensión :D"||@FaaDeLeon||"158785500667330560"|https://twitter.com/Deysi_truji/status/158785500667330560
mindy_mcg|2012-01-03 07:36|0|0|"@DanielFloresPro tiene razon colega mejor dejemos a Verti fuera del show jajajajaj @Leonardoberti21"||@DanielFloresPro @Leonardoberti21||"154088688421314561"|https://twitter.com/mindy_mcg/status/154088688421314561
DanielFloresPro|2012-01-03 07:33|0|0|"@mindy_mcg Verti se va a arrechar! mejor vamos a dejar el chalequeo! Buajajaja :D"||@mindy_mcg||"154088094243631105"|https://twitter.com/DanielFloresPro/status/154088094243631105
InsareInsurance|2011-12-22 17:57|0|0|"Verti elegida Mejor Marca en los Premios PR http://www. youtube.com/watch?v=g8xegG Wun9o&feature=share … @vertiseguros @JoseLuisBernal Congrats a todos! ;)"||@vertiseguros @JoseLuisBernal||"149896383715999745"|https://twitter.com/InsareInsurance/status/149896383715999745
IzanCoomonte|2011-12-21 18:09|0|0|"Pues sinceramente... no se como @prnoticias le han podido dar el premio a la mejor marca a Verti Seguros... http:// bit.ly/vl3t1o"||@prnoticias||"149537104328790017"|https://twitter.com/IzanCoomonte/status/149537104328790017
QuienEsObiJuan|2011-12-16 23:40|0|0|"@elchi_dsgn ES MEJOR Q SI TE HUBIERAN REGALADO UN CD DE PEDRO SUARES VERTI !! WTF"||@elchi_dsgn||"147808440109105152"|https://twitter.com/QuienEsObiJuan/status/147808440109105152
CondeBond|2011-12-01 14:43|0|0|"@daniseuba Ja ja ja Bueno en descargo diré que es mucho mejor que como lo están haciendo en #verti ^_^"||@daniseuba|#verti|"142237441934364672"|https://twitter.com/CondeBond/status/142237441934364672
inesbajo|2011-11-15 19:29|0|0|"Verti como mejor Marca #premiospr pic.twitter.com/hShqeyBe"|||#premiospr|"136511082872320000"|https://twitter.com/inesbajo/status/136511082872320000
rsprofesionales|2011-11-10 10:43|2|0|"Video de youtube en el que un bebé se emociona con una cancion de Verti ,qué mejor ROI para tu empresa? #congresoredes"|||#congresoredes|"134566899357986816"|https://twitter.com/rsprofesionales/status/134566899357986816
verticretetorr|2011-11-08 01:24|0|0|"Bardas Prefabricadas Verti -Crete esla mejor opción para proteger tu patrimonio.... http:// fb.me/SuBjh9db"||||"133701415213334528"|https://twitter.com/verticretetorr/status/133701415213334528
TodasConPyP|2011-11-04 23:05|0|0|"@AgosPauliter JAJAJA osino grabala o comprala & mirala con un par de amigas yo la 2 la vi con mi mejor amiga & me di verti a lo loco"||@AgosPauliter||"132579337034665984"|https://twitter.com/TodasConPyP/status/132579337034665984
DavidLaso|2011-11-04 19:08|0|0|"http:// tinyurl.com/678pw7a El seguro de coche Verti ... mejor o peor que linea directa?"||||"132519643087765505"|https://twitter.com/DavidLaso/status/132519643087765505
planetaseguros|2011-11-04 11:46|0|0|"Verti es reconocida como mejor marca de 2011 http:// dlvr.it/tdGZm"||||"132408292944248832"|https://twitter.com/planetaseguros/status/132408292944248832
GrupoAseguranza|2011-11-04 11:40|0|0|"Verti es reconocida como mejor marca de 2011 http:// dlvr.it/tdDkx"||||"132406856634212353"|https://twitter.com/GrupoAseguranza/status/132406856634212353
noodls_sBolsa|2011-11-04 11:20|0|0|"$ CMAB VERTI , reconocida como mejor marca de 2011 por los lectores de... http://www. noodls.com/view/C3368E2B2 84E8B7E0E8FF0D58AE8A77925A1B325 …"||||"132401920945045504"|https://twitter.com/noodls_sBolsa/status/132401920945045504
larvatecno|2011-10-28 18:01|0|0|"Verti , ayuda para comparar el mejor seguro de coche http:// larvatecnologica.com/2011/05/verti- ayuda-comparador-el-mejor-seguro-de-automovil.html …"||||"129951036487106560"|https://twitter.com/larvatecno/status/129951036487106560
fernandocgo|2011-10-28 09:56|0|0|"Verti , Mejor Marca de la VIII Edición de Los Mejores de PR http:// shar.es/bZHNJ"||||"129828990805491712"|https://twitter.com/fernandocgo/status/129828990805491712
dggzlez|2011-09-23 15:36|1|0|"La mejor agencia digital de España. RT @ruidosos : Social Noise gana la cuenta de Verti Seguros http:// bit.ly/rbJWfW (vía @elpublicistacom )"||@ruidosos @elpublicistacom||"117230938848632832"|https://twitter.com/dggzlez/status/117230938848632832
katluv89|2011-09-20 19:59|0|0|"@louxawapotah Típico que cuando crees que actuaste mal, fue lo mejor que pudiste hacer./ i agree!! Me di verti !!"||@louxawapotah||"116209979194736641"|https://twitter.com/katluv89/status/116209979194736641
electronico12|2011-07-24 02:40|0|0|"@adriana_donghia lo mejor de la copa america y de la plaza sadel fue verti a ti q hermosa eres"||@adriana_donghia||"94929908807122946"|https://twitter.com/electronico12/status/94929908807122946
MatusaTucan|2011-06-25 15:24|0|1|"Tinaco Tricapa Verti Mejor Agua 1100 L. $1530.00 Pza. http://fb.me/JgsVQcMW"||||"84613008365584384"|https://twitter.com/MatusaTucan/status/84613008365584384
irenefs92|2011-06-20 18:49|0|0|"@bertasada el mejor anuncio es el de " verti seguros" jajaja"||@bertasada||"82852641104867328"|https://twitter.com/irenefs92/status/82852641104867328
pcnet_es|2011-06-01 18:25|1|0|"Seguro hecho con @AGenerali mas barato (y mejor ) que con Verti y encima le he sacado un negro (boli) a @NoUso"||@AGenerali @NoUso||"75961151988563969"|https://twitter.com/pcnet_es/status/75961151988563969
alvaro_torrico|2011-05-12 21:40|1|1|"Hoy he probado Rastreator, y me dice que el mejor seguro de coche es Verti . Luego me he enterado dq Verti y Rastreator pertenecen a Mapfre"||||"68762424890757120"|https://twitter.com/alvaro_torrico/status/68762424890757120
larvatecno|2011-05-02 21:59|0|0|"Verti , ayuda para comparar el mejor seguro de coche http://goo.gl/fb/msYls"||||"65143459064979456"|https://twitter.com/larvatecno/status/65143459064979456
slvef|2011-04-24 05:03|0|0|"@lvcvs Yo vertí vino. Es mejor ."||@lvcvs||"61988716507435009"|https://twitter.com/slvef/status/61988716507435009
candelaTT|2011-04-21 12:28|0|0|"El anuncio de verti es casi mejor que el de mielcops."||||"61013314641215488"|https://twitter.com/candelaTT/status/61013314641215488
vertiseguros|2011-04-05 10:01|0|0|"Para un martes mañana, nada mejor que la Verti Band con Despierta ... el secreto tras la canción del anuncio de Verti http://bit.ly/fOgU7k"||||"55178304386379776"|https://twitter.com/vertiseguros/status/55178304386379776
AniuskaBB|2011-04-01 09:57|0|0|"Así mejor !, BUENOS DIAS!. Anuncio Spot Verti Seguros: Despierta - Marzo 2011 (Versión 120s) http://www. youtube.com/watch?v=HNv06w jmrWc … vía @youtube"||@youtube||"53727578535628800"|https://twitter.com/AniuskaBB/status/53727578535628800
Tania_Lizbeth_|2011-02-14 04:11|0|0|"Pf... no vi futbol hoy. Pero me di verti mucho en Huasca jajaja fue mejor definitivamente."||||"36985809697509376"|https://twitter.com/Tania_Lizbeth_/status/36985809697509376
verticretetorr|2011-01-28 18:40|0|0|"Protege tu Hogar y Negocio con Barda Verti -Crete... Nada mejor en Resistencia y Protecciòn... #torreon #seguridad #tgif"|||#torreon #seguridad #tgif|"31043877829869568"|https://twitter.com/verticretetorr/status/31043877829869568
chiflon02|2010-12-02 04:43|0|0|"@annyavrg no es de que haya ocurrido algo por que espero q pase lo mejor osea pasar, si no que ammm no se verti tiene una actitud medio aca"||@annyavrg||"10177256714412032"|https://twitter.com/chiflon02/status/10177256714412032
hogaresjibe|2010-11-05 16:17|0|0|"#tgif Vas bardear tu casa o negocio? Tu mejor opcion es Verti -Crete, lo mas rapido, seguro, resitente #llameya 7071507 #verticretelaguna"|||#tgif #llameya #verticretelaguna|"567324994174976"|https://twitter.com/hogaresjibe/status/567324994174976
verticretetorr|2010-11-05 16:15|0|0|"#tgif Necesitas bardear tu casa o negocio? Tu mejor opcion es Verti -Crete, lo mas rapido, seguro, resitente, y te... http://fb.me/LLFnYaQa"|||#tgif|"566875561926656"|https://twitter.com/verticretetorr/status/566875561926656
mergruen|2010-09-28 23:35|0|0|"@raxxie_ lo mejor es que sí lo vertí en la taza, todo un shock :D"||@raxxie_||"25822140663"|https://twitter.com/mergruen/status/25822140663
ju4nr0|2010-09-08 12:42|0|0|"Duda existencial: lavo el polo de anoche o mejor lo escurro para sacar el litro de ron que me verti ayer encima?"||||"23903375925"|https://twitter.com/ju4nr0/status/23903375925
MicHibElTrAn|2010-08-07 03:38|0|0|"Verti de pensarrr todoooooo lo q tengo q leeerrr!! Noooo caaabe en mi twitt! Pero mejor manana!! Nooooooooo!!!"||||"20515079036"|https://twitter.com/MicHibElTrAn/status/20515079036
Nelh_pastel|2010-05-27 19:13|0|0|"@kailepringols Kaletoooooooo :( ya ni pude verti compaa pero sabes que te deseo lo mejor , donde quiera que estes no te puede ir mal! te km!"||@kailepringols||"14847743911"|https://twitter.com/Nelh_pastel/status/14847743911
WarsTck|2010-04-11 06:26|0|0|"jajaja ni madres, NADIE baila mejor que YO, !!!! prox, verti !! esperenlo !"||||"11973998868"|https://twitter.com/WarsTck/status/11973998868
nefmex|2010-02-02 23:28|0|0|"@apedron igual, amigo mejor le dejo al tema para no entrar en discusiones muy pesadas sobre el iPad. Ya vertí mi opinión, el tiempo dirá"||@apedron||"8560915453"|https://twitter.com/nefmex/status/8560915453
PepeBarrascout|2009-07-30 06:38|0|0|"The best Vertigo cover I?ve seen so far: Sin ninguna duda es el mejor cover que he escuchado de la canción Verti .. http://bit.ly/IqD7g"||||"2924446261"|https://twitter.com/PepeBarrascout/status/2924446261